10906.5 3708.1 11998.3 26612.940146
10906.5 3708.1 -2643.9 11970.697174
10906.5 3708.1 10921.5 25536.066483
10906.5 3708.1 -3155.0 11459.552896
10906.5 3708.1 -1127.3 13487.262010
10906.5 3708.1 -2904.2 11710.415659
10906.5 3708.1 2111.9 16726.467907
10906.5 3708.1 2124.5 16739.100350
10906.5 3708.1 -3241.2 11373.445444
10906.5 3708.1 8562.8 23177.357995
10906.5 3708.1 8374.2 22988.803661
10906.5 3708.1 2277.1 16891.713472
10906.5 3708.1 9704.4 24318.958107
10906.5 3708.1 1110.1 15724.675492
10906.5 3708.1 11910.5 26525.125547
10906.5 3708.1 -2158.2 12456.366786
10906.5 3708.1 -3723.3 10891.294092
10906.5 3708.1 1830.7 16445.282041
10906.5 3708.1 10508.5 25123.139550
10906.5 3708.1 2196.5 16811.107331
10906.5 -485.5 11998.3 22419.368114
10906.5 -485.5 -2643.9 7777.125141
10906.5 -485.5 10921.5 21342.494450
10906.5 -485.5 -3155.0 7265.980863
10906.5 -485.5 -1127.3 9293.689977
10906.5 -485.5 -2904.2 7516.843626
10906.5 -485.5 2111.9 12532.895874
10906.5 -485.5 2124.5 12545.528317
10906.5 -485.5 -3241.2 7179.873411
10906.5 -485.5 8562.8 18983.785963
10906.5 -485.5 8374.2 18795.231628
10906.5 -485.5 2277.1 12698.141440
10906.5 -485.5 9704.4 20125.386074
10906.5 -485.5 1110.1 11531.103459
10906.5 -485.5 11910.5 22331.553515
10906.5 -485.5 -2158.2 8262.794754
10906.5 -485.5 -3723.3 6697.722059
10906.5 -485.5 1830.7 12251.710008
10906.5 -485.5 10508.5 20929.567518
10906.5 -485.5 2196.5 12617.535298
10906.5 2727.4 11998.3 25632.215799
10906.5 2727.4 -2643.9 10989.972826
10906.5 2727.4 10921.5 24555.342136
10906.5 2727.4 -3155.0 10478.828548
10906.5 2727.4 -1127.3 12506.537663
10906.5 2727.4 -2904.2 10729.691312
10906.5 2727.4 2111.9 15745.743560
10906.5 2727.4 2124.5 15758.376002
10906.5 2727.4 -3241.2 10392.721096
10906.5 2727.4 8562.8 22196.633648
10906.5 2727.4 8374.2 22008.079314
10906.5 2727.4 2277.1 15910.989125
10906.5 2727.4 9704.4 23338.233760
10906.5 2727.4 1110.1 14743.951145
10906.5 2727.4 11910.5 25544.401200
10906.5 2727.4 -2158.2 11475.642439
10906.5 2727.4 -3723.3 9910.569745
10906.5 2727.4 1830.7 15464.557694
10906.5 2727.4 10508.5 24142.415203
10906.5 2727.4 2196.5 15830.382984
10906.5 5379.4 11998.3 28284.261143
10906.5 5379.4 -2643.9 13642.018170
10906.5 5379.4 10921.5 27207.387479
10906.5 5379.4 -3155.0 13130.873892
10906.5 5379.4 -1127.3 15158.583006
10906.5 5379.4 -2904.2 13381.736655
10906.5 5379.4 2111.9 18397.788903
10906.5 5379.4 2124.5 18410.421346
10906.5 5379.4 -3241.2 13044.766440
10906.5 5379.4 8562.8 24848.678992
10906.5 5379.4 8374.2 24660.124658
10906.5 5379.4 2277.1 18563.034469
10906.5 5379.4 9704.4 25990.279103
10906.5 5379.4 1110.1 17395.996488
10906.5 5379.4 11910.5 28196.446544
10906.5 5379.4 -2158.2 14127.687783
10906.5 5379.4 -3723.3 12562.615089
10906.5 5379.4 1830.7 18116.603037
10906.5 5379.4 10508.5 26794.460547
10906.5 5379.4 2196.5 18482.428327
10906.5 -3670.9 11998.3 19233.935914
10906.5 -3670.9 -2643.9 4591.692941
10906.5 -3670.9 10921.5 18157.062250
10906.5 -3670.9 -3155.0 4080.548663
10906.5 -3670.9 -1127.3 6108.257777
10906.5 -3670.9 -2904.2 4331.411426
10906.5 -3670.9 2111.9 9347.463674
10906.5 -3670.9 2124.5 9360.096117
10906.5 -3670.9 -3241.2 3994.441211
10906.5 -3670.9 8562.8 15798.353762
10906.5 -3670.9 8374.2 15609.799428
10906.5 -3670.9 2277.1 9512.709239
10906.5 -3670.9 9704.4 16939.953874
10906.5 -3670.9 1110.1 8345.671259
10906.5 -3670.9 11910.5 19146.121314
10906.5 -3670.9 -2158.2 5077.362554
10906.5 -3670.9 -3723.3 3512.289859
10906.5 -3670.9 1830.7 9066.277808
10906.5 -3670.9 10508.5 17744.135318
10906.5 -3670.9 2196.5 9432.103098
10906.5 1821.8 11998.3 24726.619797
10906.5 1821.8 -2643.9 10084.376824
10906.5 1821.8 10921.5 23649.746133
10906.5 1821.8 -3155.0 9573.232546
10906.5 1821.8 -1127.3 11600.941661
10906.5 1821.8 -2904.2 9824.095310
10906.5 1821.8 2111.9 14840.147557
10906.5 1821.8 2124.5 14852.780000
10906.5 1821.8 -3241.2 9487.125094
10906.5 1821.8 8562.8 21291.037646
10906.5 1821.8 8374.2 21102.483312
10906.5 1821.8 2277.1 15005.393123
10906.5 1821.8 9704.4 22432.637757
10906.5 1821.8 1110.1 13838.355142
10906.5 1821.8 11910.5 24638.805198
10906.5 1821.8 -2158.2 10570.046437
10906.5 1821.8 -3723.3 9004.973743
10906.5 1821.8 1830.7 14558.961691
10906.5 1821.8 10508.5 23236.819201
10906.5 1821.8 2196.5 14924.786982
10906.5 6584.0 11998.3 29488.832377
10906.5 6584.0 -2643.9 14846.589404
10906.5 6584.0 10921.5 28411.958713
10906.5 6584.0 -3155.0 14335.445126
10906.5 6584.0 -1127.3 16363.154240
10906.5 6584.0 -2904.2 14586.307889
10906.5 6584.0 2111.9 19602.360137
10906.5 6584.0 2124.5 19614.992580
10906.5 6584.0 -3241.2 14249.337674
10906.5 6584.0 8562.8 26053.250226
10906.5 6584.0 8374.2 25864.695892
10906.5 6584.0 2277.1 19767.605703
10906.5 6584.0 9704.4 27194.850337
10906.5 6584.0 1110.1 18600.567722
10906.5 6584.0 11910.5 29401.017778
10906.5 6584.0 -2158.2 15332.259017
10906.5 6584.0 -3723.3 13767.186323
10906.5 6584.0 1830.7 19321.174271
10906.5 6584.0 10508.5 27999.031781
10906.5 6584.0 2196.5 19686.999561
10906.5 843.6 11998.3 23748.461414
10906.5 843.6 -2643.9 9106.218442
10906.5 843.6 10921.5 22671.587751
10906.5 843.6 -3155.0 8595.074164
10906.5 843.6 -1127.3 10622.783278
10906.5 843.6 -2904.2 8845.936927
10906.5 843.6 2111.9 13861.989175
10906.5 843.6 2124.5 13874.621618
10906.5 843.6 -3241.2 8508.966712
10906.5 843.6 8562.8 20312.879263
10906.5 843.6 8374.2 20124.324929
10906.5 843.6 2277.1 14027.234740
10906.5 843.6 9704.4 21454.479375
10906.5 843.6 1110.1 12860.196760
10906.5 843.6 11910.5 23660.646815
10906.5 843.6 -2158.2 9591.888054
10906.5 843.6 -3723.3 8026.815360
10906.5 843.6 1830.7 13580.803309
10906.5 843.6 10508.5 22258.660818
10906.5 843.6 2196.5 13946.628599
10906.5 5349.2 11998.3 28254.053755
10906.5 5349.2 -2643.9 13611.810782
10906.5 5349.2 10921.5 27177.180091
10906.5 5349.2 -3155.0 13100.666504
10906.5 5349.2 -1127.3 15128.375618
10906.5 5349.2 -2904.2 13351.529267
10906.5 5349.2 2111.9 18367.581515
10906.5 5349.2 2124.5 18380.213958
10906.5 5349.2 -3241.2 13014.559052
10906.5 5349.2 8562.8 24818.471603
10906.5 5349.2 8374.2 24629.917269
10906.5 5349.2 2277.1 18532.827081
10906.5 5349.2 9704.4 25960.071715
10906.5 5349.2 1110.1 17365.789100
10906.5 5349.2 11910.5 28166.239155
10906.5 5349.2 -2158.2 14097.480395
10906.5 5349.2 -3723.3 12532.407700
10906.5 5349.2 1830.7 18086.395649
10906.5 5349.2 10508.5 26764.253159
10906.5 5349.2 2196.5 18452.220939
10906.5 -3183.9 11998.3 19720.964446
10906.5 -3183.9 -2643.9 5078.721473
10906.5 -3183.9 10921.5 18644.090783
10906.5 -3183.9 -3155.0 4567.577195
10906.5 -3183.9 -1127.3 6595.286310
10906.5 -3183.9 -2904.2 4818.439959
10906.5 -3183.9 2111.9 9834.492207
10906.5 -3183.9 2124.5 9847.124649
10906.5 -3183.9 -3241.2 4481.469743
10906.5 -3183.9 8562.8 16285.382295
10906.5 -3183.9 8374.2 16096.827961
10906.5 -3183.9 2277.1 9999.737772
10906.5 -3183.9 9704.4 17426.982406
10906.5 -3183.9 1110.1 8832.699792
10906.5 -3183.9 11910.5 19633.149847
10906.5 -3183.9 -2158.2 5564.391086
10906.5 -3183.9 -3723.3 3999.318392
10906.5 -3183.9 1830.7 9553.306341
10906.5 -3183.9 10508.5 18231.163850
10906.5 -3183.9 2196.5 9919.131631
10906.5 11753.9 11998.3 34658.727290
10906.5 11753.9 -2643.9 20016.484317
10906.5 11753.9 10921.5 33581.853626
10906.5 11753.9 -3155.0 19505.340039
10906.5 11753.9 -1127.3 21533.049153
10906.5 11753.9 -2904.2 19756.202802
10906.5 11753.9 2111.9 24772.255050
10906.5 11753.9 2124.5 24784.887493
10906.5 11753.9 -3241.2 19419.232587
10906.5 11753.9 8562.8 31223.145138
10906.5 11753.9 8374.2 31034.590804
10906.5 11753.9 2277.1 24937.500615
10906.5 11753.9 9704.4 32364.745250
10906.5 11753.9 1110.1 23770.462635
10906.5 11753.9 11910.5 34570.912690
10906.5 11753.9 -2158.2 20502.153930
10906.5 11753.9 -3723.3 18937.081235
10906.5 11753.9 1830.7 24491.069184
10906.5 11753.9 10508.5 33168.926694
10906.5 11753.9 2196.5 24856.894474
10906.5 5341.0 11998.3 28245.884221
10906.5 5341.0 -2643.9 13603.641248
10906.5 5341.0 10921.5 27169.010557
10906.5 5341.0 -3155.0 13092.496970
10906.5 5341.0 -1127.3 15120.206084
10906.5 5341.0 -2904.2 13343.359733
10906.5 5341.0 2111.9 18359.411981
10906.5 5341.0 2124.5 18372.044424
10906.5 5341.0 -3241.2 13006.389518
10906.5 5341.0 8562.8 24810.302069
10906.5 5341.0 8374.2 24621.747735
10906.5 5341.0 2277.1 18524.657547
10906.5 5341.0 9704.4 25951.902181
10906.5 5341.0 1110.1 17357.619566
10906.5 5341.0 11910.5 28158.069621
10906.5 5341.0 -2158.2 14089.310861
10906.5 5341.0 -3723.3 12524.238166
10906.5 5341.0 1830.7 18078.226115
10906.5 5341.0 10508.5 26756.083625
10906.5 5341.0 2196.5 18444.051405
10906.5 11133.2 11998.3 34038.012967
10906.5 11133.2 -2643.9 19395.769994
10906.5 11133.2 10921.5 32961.139303
10906.5 11133.2 -3155.0 18884.625716
10906.5 11133.2 -1127.3 20912.334830
10906.5 11133.2 -2904.2 19135.488479
10906.5 11133.2 2111.9 24151.540727
10906.5 11133.2 2124.5 24164.173170
10906.5 11133.2 -3241.2 18798.518264
10906.5 11133.2 8562.8 30602.430815
10906.5 11133.2 8374.2 30413.876481
10906.5 11133.2 2277.1 24316.786292
10906.5 11133.2 9704.4 31744.030927
10906.5 11133.2 1110.1 23149.748312
10906.5 11133.2 11910.5 33950.198367
10906.5 11133.2 -2158.2 19881.439607
10906.5 11133.2 -3723.3 18316.366912
10906.5 11133.2 1830.7 23870.354861
10906.5 11133.2 10508.5 32548.212371
10906.5 11133.2 2196.5 24236.180151
10906.5 7090.2 11998.3 29995.073155
10906.5 7090.2 -2643.9 15352.830182
10906.5 7090.2 10921.5 28918.199492
10906.5 7090.2 -3155.0 14841.685904
10906.5 7090.2 -1127.3 16869.395019
10906.5 7090.2 -2904.2 15092.548668
10906.5 7090.2 2111.9 20108.600916
10906.5 7090.2 2124.5 20121.233358
10906.5 7090.2 -3241.2 14755.578452
10906.5 7090.2 8562.8 26559.491004
10906.5 7090.2 8374.2 26370.936670
10906.5 7090.2 2277.1 20273.846481
10906.5 7090.2 9704.4 27701.091115
10906.5 7090.2 1110.1 19106.808501
10906.5 7090.2 11910.5 29907.258556
10906.5 7090.2 -2158.2 15838.499795
10906.5 7090.2 -3723.3 14273.427101
10906.5 7090.2 1830.7 19827.415050
10906.5 7090.2 10508.5 28505.272559
10906.5 7090.2 2196.5 20193.240340
10906.5 -3852.4 11998.3 19052.435546
10906.5 -3852.4 -2643.9 4410.192573
10906.5 -3852.4 10921.5 17975.561882
10906.5 -3852.4 -3155.0 3899.048295
10906.5 -3852.4 -1127.3 5926.757410
10906.5 -3852.4 -2904.2 4149.911059
10906.5 -3852.4 2111.9 9165.963306
10906.5 -3852.4 2124.5 9178.595749
10906.5 -3852.4 -3241.2 3812.940843
10906.5 -3852.4 8562.8 15616.853395
10906.5 -3852.4 8374.2 15428.299061
10906.5 -3852.4 2277.1 9331.208872
10906.5 -3852.4 9704.4 16758.453506
10906.5 -3852.4 1110.1 8164.170892
10906.5 -3852.4 11910.5 18964.620947
10906.5 -3852.4 -2158.2 4895.862186
10906.5 -3852.4 -3723.3 3330.789492
10906.5 -3852.4 1830.7 8884.777440
10906.5 -3852.4 10508.5 17562.634950
10906.5 -3852.4 2196.5 9250.602731
10906.5 -1698.7 11998.3 21206.143575
10906.5 -1698.7 -2643.9 6563.900602
10906.5 -1698.7 10921.5 20129.269911
10906.5 -1698.7 -3155.0 6052.756324
10906.5 -1698.7 -1127.3 8080.465439
10906.5 -1698.7 -2904.2 6303.619088
10906.5 -1698.7 2111.9 11319.671335
10906.5 -1698.7 2124.5 11332.303778
10906.5 -1698.7 -3241.2 5966.648872
10906.5 -1698.7 8562.8 17770.561424
10906.5 -1698.7 8374.2 17582.007090
10906.5 -1698.7 2277.1 11484.916901
10906.5 -1698.7 9704.4 18912.161535
10906.5 -1698.7 1110.1 10317.878920
10906.5 -1698.7 11910.5 21118.328976
10906.5 -1698.7 -2158.2 7049.570215
10906.5 -1698.7 -3723.3 5484.497521
10906.5 -1698.7 1830.7 11038.485469
10906.5 -1698.7 10508.5 19716.342979
10906.5 -1698.7 2196.5 11404.310760
10906.5 7190.4 11998.3 30095.287006
10906.5 7190.4 -2643.9 15453.044033
10906.5 7190.4 10921.5 29018.413342
10906.5 7190.4 -3155.0 14941.899755
10906.5 7190.4 -1127.3 16969.608870
10906.5 7190.4 -2904.2 15192.762519
10906.5 7190.4 2111.9 20208.814766
10906.5 7190.4 2124.5 20221.447209
10906.5 7190.4 -3241.2 14855.792303
10906.5 7190.4 8562.8 26659.704855
10906.5 7190.4 8374.2 26471.150521
10906.5 7190.4 2277.1 20374.060332
10906.5 7190.4 9704.4 27801.304966
10906.5 7190.4 1110.1 19207.022351
10906.5 7190.4 11910.5 30007.472407
10906.5 7190.4 -2158.2 15938.713646
10906.5 7190.4 -3723.3 14373.640952
10906.5 7190.4 1830.7 19927.628900
10906.5 7190.4 10508.5 28605.486410
10906.5 7190.4 2196.5 20293.454191
10906.5 1523.8 11998.3 24428.604955
10906.5 1523.8 -2643.9 9786.361983
10906.5 1523.8 10921.5 23351.731292
10906.5 1523.8 -3155.0 9275.217705
10906.5 1523.8 -1127.3 11302.926819
10906.5 1523.8 -2904.2 9526.080468
10906.5 1523.8 2111.9 14542.132716
10906.5 1523.8 2124.5 14554.765159
10906.5 1523.8 -3241.2 9189.110253
10906.5 1523.8 8562.8 20993.022804
10906.5 1523.8 8374.2 20804.468470
10906.5 1523.8 2277.1 14707.378281
10906.5 1523.8 9704.4 22134.622916
10906.5 1523.8 1110.1 13540.340301
10906.5 1523.8 11910.5 24340.790356
10906.5 1523.8 -2158.2 10272.031595
10906.5 1523.8 -3723.3 8706.958901
10906.5 1523.8 1830.7 14260.946850
10906.5 1523.8 10508.5 22938.804359
10906.5 1523.8 2196.5 14626.772140
10906.5 4729.7 11998.3 27634.579023
10906.5 4729.7 -2643.9 12992.336050
10906.5 4729.7 10921.5 26557.705359
10906.5 4729.7 -3155.0 12481.191772
10906.5 4729.7 -1127.3 14508.900886
10906.5 4729.7 -2904.2 12732.054535
10906.5 4729.7 2111.9 17748.106783
10906.5 4729.7 2124.5 17760.739226
10906.5 4729.7 -3241.2 12395.084320
10906.5 4729.7 8562.8 24198.996871
10906.5 4729.7 8374.2 24010.442537
10906.5 4729.7 2277.1 17913.352348
10906.5 4729.7 9704.4 25340.596983
10906.5 4729.7 1110.1 16746.314368
10906.5 4729.7 11910.5 27546.764423
10906.5 4729.7 -2158.2 13478.005663
10906.5 4729.7 -3723.3 11912.932968
10906.5 4729.7 1830.7 17466.920917
10906.5 4729.7 10508.5 26144.778427
10906.5 4729.7 2196.5 17832.746207
10906.5 4018.6 11998.3 26923.468557
10906.5 4018.6 -2643.9 12281.225584
10906.5 4018.6 10921.5 25846.594894
10906.5 4018.6 -3155.0 11770.081306
10906.5 4018.6 -1127.3 13797.790421
10906.5 4018.6 -2904.2 12020.944070
10906.5 4018.6 2111.9 17036.996318
10906.5 4018.6 2124.5 17049.628760
10906.5 4018.6 -3241.2 11683.973854
10906.5 4018.6 8562.8 23487.886406
10906.5 4018.6 8374.2 23299.332072
10906.5 4018.6 2277.1 17202.241883
10906.5 4018.6 9704.4 24629.486518
10906.5 4018.6 1110.1 16035.203903
10906.5 4018.6 11910.5 26835.653958
10906.5 4018.6 -2158.2 12766.895197
10906.5 4018.6 -3723.3 11201.822503
10906.5 4018.6 1830.7 16755.810452
10906.5 4018.6 10508.5 25433.667961
10906.5 4018.6 2196.5 17121.635742
-2360.8 3708.1 11998.3 13345.607193
-2360.8 3708.1 -2643.9 -1296.635780
-2360.8 3708.1 10921.5 12268.733529
-2360.8 3708.1 -3155.0 -1807.780058
-2360.8 3708.1 -1127.3 219.929056
-2360.8 3708.1 -2904.2 -1556.917295
-2360.8 3708.1 2111.9 3459.134953
-2360.8 3708.1 2124.5 3471.767396
-2360.8 3708.1 -3241.2 -1893.887510
-2360.8 3708.1 8562.8 9910.025041
-2360.8 3708.1 8374.2 9721.470707
-2360.8 3708.1 2277.1 3624.380518
-2360.8 3708.1 9704.4 11051.625153
-2360.8 3708.1 1110.1 2457.342538
-2360.8 3708.1 11910.5 13257.792593
-2360.8 3708.1 -2158.2 -810.966167
-2360.8 3708.1 -3723.3 -2376.038862
-2360.8 3708.1 1830.7 3177.949087
-2360.8 3708.1 10508.5 11855.806597
-2360.8 3708.1 2196.5 3543.774377
-2360.8 -485.5 11998.3 9152.035160
-2360.8 -485.5 -2643.9 -5490.207813
-2360.8 -485.5 10921.5 8075.161496
-2360.8 -485.5 -3155.0 -6001.352091
-2360.8 -485.5 -1127.3 -3973.642976
-2360.8 -485.5 -2904.2 -5750.489327
-2360.8 -485.5 2111.9 -734.437080
-2360.8 -485.5 2124.5 -721.804637
-2360.8 -485.5 -3241.2 -6087.459543
-2360.8 -485.5 8562.8 5716.453009
-2360.8 -485.5 8374.2 5527.898675
-2360.8 -485.5 2277.1 -569.191514
-2360.8 -485.5 9704.4 6858.053120
-2360.8 -485.5 1110.1 -1736.229495
-2360.8 -485.5 11910.5 9064.220561
-2360.8 -485.5 -2158.2 -5004.538200
-2360.8 -485.5 -3723.3 -6569.610894
-2360.8 -485.5 1830.7 -1015.622946
-2360.8 -485.5 10508.5 7662.234564
-2360.8 -485.5 2196.5 -649.797655
-2360.8 2727.4 11998.3 12364.882845
-2360.8 2727.4 -2643.9 -2277.360127
-2360.8 2727.4 10921.5 11288.009182
-2360.8 2727.4 -3155.0 -2788.504405
-2360.8 2727.4 -1127.3 -760.795291
-2360.8 2727.4 -2904.2 -2537.641642
-2360.8 2727.4 2111.9 2478.410606
-2360.8 2727.4 2124.5 2491.043049
-2360.8 2727.4 -3241.2 -2874.611857
-2360.8 2727.4 8562.8 8929.300694
-2360.8 2727.4 8374.2 8740.746360
-2360.8 2727.4 2277.1 2643.656171
-2360.8 2727.4 9704.4 10070.900806
-2360.8 2727.4 1110.1 1476.618191
-2360.8 2727.4 11910.5 12277.068246
-2360.8 2727.4 -2158.2 -1791.690515
-2360.8 2727.4 -3723.3 -3356.763209
-2360.8 2727.4 1830.7 2197.224740
-2360.8 2727.4 10508.5 10875.082249
-2360.8 2727.4 2196.5 2563.050030
-2360.8 5379.4 11998.3 15016.928189
-2360.8 5379.4 -2643.9 374.685216
-2360.8 5379.4 10921.5 13940.054525
-2360.8 5379.4 -3155.0 -136.459062
-2360.8 5379.4 -1127.3 1891.250053
-2360.8 5379.4 -2904.2 114.403702
-2360.8 5379.4 2111.9 5130.455949
-2360.8 5379.4 2124.5 5143.088392
-2360.8 5379.4 -3241.2 -222.566514
-2360.8 5379.4 8562.8 11581.346038
-2360.8 5379.4 8374.2 11392.791704
-2360.8 5379.4 2277.1 5295.701515
-2360.8 5379.4 9704.4 12722.946149
-2360.8 5379.4 1110.1 4128.663534
-2360.8 5379.4 11910.5 14929.113590
-2360.8 5379.4 -2158.2 860.354829
-2360.8 5379.4 -3723.3 -704.717865
-2360.8 5379.4 1830.7 4849.270083
-2360.8 5379.4 10508.5 13527.127593
-2360.8 5379.4 2196.5 5215.095374
-2360.8 -3670.9 11998.3 5966.602960
-2360.8 -3670.9 -2643.9 -8675.640013
-2360.8 -3670.9 10921.5 4889.729296
-2360.8 -3670.9 -3155.0 -9186.784291
-2360.8 -3670.9 -1127.3 -7159.075177
-2360.8 -3670.9 -2904.2 -8935.921528
-2360.8 -3670.9 2111.9 -3919.869280
-2360.8 -3670.9 2124.5 -3907.236837
-2360.8 -3670.9 -3241.2 -9272.891743
-2360.8 -3670.9 8562.8 2531.020809
-2360.8 -3670.9 8374.2 2342.466474
-2360.8 -3670.9 2277.1 -3754.623714
-2360.8 -3670.9 9704.4 3672.620920
-2360.8 -3670.9 1110.1 -4921.661695
-2360.8 -3670.9 11910.5 5878.788361
-2360.8 -3670.9 -2158.2 -8189.970400
-2360.8 -3670.9 -3723.3 -9755.043095
-2360.8 -3670.9 1830.7 -4201.055146
-2360.8 -3670.9 10508.5 4476.802364
-2360.8 -3670.9 2196.5 -3835.229856
-2360.8 1821.8 11998.3 11459.286843
-2360.8 1821.8 -2643.9 -3182.956130
-2360.8 1821.8 10921.5 10382.413180
-2360.8 1821.8 -3155.0 -3694.100408
-2360.8 1821.8 -1127.3 -1666.391293
-2360.8 1821.8 -2904.2 -3443.237644
-2360.8 1821.8 2111.9 1572.814604
-2360.8 1821.8 2124.5 1585.447046
-2360.8 1821.8 -3241.2 -3780.207860
-2360.8 1821.8 8562.8 8023.704692
-2360.8 1821.8 8374.2 7835.150358
-2360.8 1821.8 2277.1 1738.060169
-2360.8 1821.8 9704.4 9165.304803
-2360.8 1821.8 1110.1 571.022189
-2360.8 1821.8 11910.5 11371.472244
-2360.8 1821.8 -2158.2 -2697.286517
-2360.8 1821.8 -3723.3 -4262.359211
-2360.8 1821.8 1830.7 1291.628738
-2360.8 1821.8 10508.5 9969.486247
-2360.8 1821.8 2196.5 1657.454028
-2360.8 6584.0 11998.3 16221.499423
-2360.8 6584.0 -2643.9 1579.256450
-2360.8 6584.0 10921.5 15144.625759
-2360.8 6584.0 -3155.0 1068.112172
-2360.8 6584.0 -1127.3 3095.821287
-2360.8 6584.0 -2904.2 1318.974936
-2360.8 6584.0 2111.9 6335.027183
-2360.8 6584.0 2124.5 6347.659626
-2360.8 6584.0 -3241.2 982.004720
-2360.8 6584.0 8562.8 12785.917272
-2360.8 6584.0 8374.2 12597.362938
-2360.8 6584.0 2277.1 6500.272749
-2360.8 6584.0 9704.4 13927.517383
-2360.8 6584.0 1110.1 5333.234768
-2360.8 6584.0 11910.5 16133.684824
-2360.8 6584.0 -2158.2 2064.926063
-2360.8 6584.0 -3723.3 499.853369
-2360.8 6584.0 1830.7 6053.841317
-2360.8 6584.0 10508.5 14731.698827
-2360.8 6584.0 2196.5 6419.666608
-2360.8 843.6 11998.3 10481.128461
-2360.8 843.6 -2643.9 -4161.114512
-2360.8 843.6 10921.5 9404.254797
-2360.8 843.6 -3155.0 -4672.258790
-2360.8 843.6 -1127.3 -2644.549676
-2360.8 843.6 -2904.2 -4421.396027
-2360.8 843.6 2111.9 594.656221
-2360.8 843.6 2124.5 607.288664
-2360.8 843.6 -3241.2 -4758.366242
-2360.8 843.6 8562.8 7045.546309
-2360.8 843.6 8374.2 6856.991975
-2360.8 843.6 2277.1 759.901787
-2360.8 843.6 9704.4 8187.146421
-2360.8 843.6 1110.1 -407.136194
-2360.8 843.6 11910.5 10393.313861
-2360.8 843.6 -2158.2 -3675.444899
-2360.8 843.6 -3723.3 -5240.517594
-2360.8 843.6 1830.7 313.470355
-2360.8 843.6 10508.5 8991.327865
-2360.8 843.6 2196.5 679.295645
-2360.8 5349.2 11998.3 14986.720801
-2360.8 5349.2 -2643.9 344.477828
-2360.8 5349.2 10921.5 13909.847137
-2360.8 5349.2 -3155.0 -166.666450
-2360.8 5349.2 -1127.3 1861.042664
-2360.8 5349.2 -2904.2 84.196313
-2360.8 5349.2 2111.9 5100.248561
-2360.8 5349.2 2124.5 5112.881004
-2360.8 5349.2 -3241.2 -252.773902
-2360.8 5349.2 8562.8 11551.138650
-2360.8 5349.2 8374.2 11362.584316
-2360.8 5349.2 2277.1 5265.494127
-2360.8 5349.2 9704.4 12692.738761
-2360.8 5349.2 1110.1 4098.456146
-2360.8 5349.2 11910.5 14898.906202
-2360.8 5349.2 -2158.2 830.147441
-2360.8 5349.2 -3723.3 -734.925253
-2360.8 5349.2 1830.7 4819.062695
-2360.8 5349.2 10508.5 13496.920205
-2360.8 5349.2 2196.5 5184.887986
-2360.8 -3183.9 11998.3 6453.631492
-2360.8 -3183.9 -2643.9 -8188.611481
-2360.8 -3183.9 10921.5 5376.757829
-2360.8 -3183.9 -3155.0 -8699.755758
-2360.8 -3183.9 -1127.3 -6672.046644
-2360.8 -3183.9 -2904.2 -8448.892995
-2360.8 -3183.9 2111.9 -3432.840747
-2360.8 -3183.9 2124.5 -3420.208305
-2360.8 -3183.9 -3241.2 -8785.863210
-2360.8 -3183.9 8562.8 3018.049341
-2360.8 -3183.9 8374.2 2829.495007
-2360.8 -3183.9 2277.1 -3267.595182
-2360.8 -3183.9 9704.4 4159.649453
-2360.8 -3183.9 1110.1 -4434.633162
-2360.8 -3183.9 11910.5 6365.816893
-2360.8 -3183.9 -2158.2 -7702.941868
-2360.8 -3183.9 -3723.3 -9268.014562
-2360.8 -3183.9 1830.7 -3714.026613
-2360.8 -3183.9 10508.5 4963.830896
-2360.8 -3183.9 2196.5 -3348.201323
-2360.8 11753.9 11998.3 21391.394336
-2360.8 11753.9 -2643.9 6749.151363
-2360.8 11753.9 10921.5 20314.520672
-2360.8 11753.9 -3155.0 6238.007085
-2360.8 11753.9 -1127.3 8265.716199
-2360.8 11753.9 -2904.2 6488.869848
-2360.8 11753.9 2111.9 11504.922096
-2360.8 11753.9 2124.5 11517.554539
-2360.8 11753.9 -3241.2 6151.899633
-2360.8 11753.9 8562.8 17955.812185
-2360.8 11753.9 8374.2 17767.257851
-2360.8 11753.9 2277.1 11670.167662
-2360.8 11753.9 9704.4 19097.412296
-2360.8 11753.9 1110.1 10503.129681
-2360.8 11753.9 11910.5 21303.579737
-2360.8 11753.9 -2158.2 7234.820976
-2360.8 11753.9 -3723.3 5669.748282
-2360.8 11753.9 1830.7 11223.736230
-2360.8 11753.9 10508.5 19901.593740
-2360.8 11753.9 2196.5 11589.561520
-2360.8 5341.0 11998.3 14978.551267
-2360.8 5341.0 -2643.9 336.308294
-2360.8 5341.0 10921.5 13901.677603
-2360.8 5341.0 -3155.0 -174.835984
-2360.8 5341.0 -1127.3 1852.873131
-2360.8 5341.0 -2904.2 76.026780
-2360.8 5341.0 2111.9 5092.079027
-2360.8 5341.0 2124.5 5104.711470
-2360.8 5341.0 -3241.2 -260.943436
-2360.8 5341.0 8562.8 11542.969116
-2360.8 5341.0 8374.2 11354.414782
-2360.8 5341.0 2277.1 5257.324593
-2360.8 5341.0 9704.4 12684.569227
-2360.8 5341.0 1110.1 4090.286612
-2360.8 5341.0 11910.5 14890.736668
-2360.8 5341.0 -2158.2 821.977907
-2360.8 5341.0 -3723.3 -743.094787
-2360.8 5341.0 1830.7 4810.893161
-2360.8 5341.0 10508.5 13488.750671
-2360.8 5341.0 2196.5 5176.718452
-2360.8 11133.2 11998.3 20770.680013
-2360.8 11133.2 -2643.9 6128.437040
-2360.8 11133.2 10921.5 19693.806349
-2360.8 11133.2 -3155.0 5617.292762
-2360.8 11133.2 -1127.3 7645.001876
-2360.8 11133.2 -2904.2 5868.155525
-2360.8 11133.2 2111.9 10884.207773
-2360.8 11133.2 2124.5 10896.840216
-2360.8 11133.2 -3241.2 5531.185310
-2360.8 11133.2 8562.8 17335.097862
-2360.8 11133.2 8374.2 17146.543528
-2360.8 11133.2 2277.1 11049.453339
-2360.8 11133.2 9704.4 18476.697973
-2360.8 11133.2 1110.1 9882.415358
-2360.8 11133.2 11910.5 20682.865414
-2360.8 11133.2 -2158.2 6614.106653
-2360.8 11133.2 -3723.3 5049.033959
-2360.8 11133.2 1830.7 10603.021907
-2360.8 11133.2 10508.5 19280.879417
-2360.8 11133.2 2196.5 10968.847197
-2360.8 7090.2 11998.3 16727.740201
-2360.8 7090.2 -2643.9 2085.497228
-2360.8 7090.2 10921.5 15650.866538
-2360.8 7090.2 -3155.0 1574.352951
-2360.8 7090.2 -1127.3 3602.062065
-2360.8 7090.2 -2904.2 1825.215714
-2360.8 7090.2 2111.9 6841.267962
-2360.8 7090.2 2124.5 6853.900404
-2360.8 7090.2 -3241.2 1488.245499
-2360.8 7090.2 8562.8 13292.158050
-2360.8 7090.2 8374.2 13103.603716
-2360.8 7090.2 2277.1 7006.513527
-2360.8 7090.2 9704.4 14433.758162
-2360.8 7090.2 1110.1 5839.475547
-2360.8 7090.2 11910.5 16639.925602
-2360.8 7090.2 -2158.2 2571.166841
-2360.8 7090.2 -3723.3 1006.094147
-2360.8 7090.2 1830.7 6560.082096
-2360.8 7090.2 10508.5 15237.939605
-2360.8 7090.2 2196.5 6925.907386
-2360.8 -3852.4 11998.3 5785.102592
-2360.8 -3852.4 -2643.9 -8857.140381
-2360.8 -3852.4 10921.5 4708.228929
-2360.8 -3852.4 -3155.0 -9368.284659
-2360.8 -3852.4 -1127.3 -7340.575544
-2360.8 -3852.4 -2904.2 -9117.421895
-2360.8 -3852.4 2111.9 -4101.369647
-2360.8 -3852.4 2124.5 -4088.737205
-2360.8 -3852.4 -3241.2 -9454.392111
-2360.8 -3852.4 8562.8 2349.520441
-2360.8 -3852.4 8374.2 2160.966107
-2360.8 -3852.4 2277.1 -3936.124082
-2360.8 -3852.4 9704.4 3491.120553
-2360.8 -3852.4 1110.1 -5103.162062
-2360.8 -3852.4 11910.5 5697.287993
-2360.8 -3852.4 -2158.2 -8371.470768
-2360.8 -3852.4 -3723.3 -9936.543462
-2360.8 -3852.4 1830.7 -4382.555513
-2360.8 -3852.4 10508.5 4295.301996
-2360.8 -3852.4 2196.5 -4016.730223
-2360.8 -1698.7 11998.3 7938.810621
-2360.8 -1698.7 -2643.9 -6703.432352
-2360.8 -1698.7 10921.5 6861.936958
-2360.8 -1698.7 -3155.0 -7214.576630
-2360.8 -1698.7 -1127.3 -5186.867515
-2360.8 -1698.7 -2904.2 -6963.713866
-2360.8 -1698.7 2111.9 -1947.661618
-2360.8 -1698.7 2124.5 -1935.029176
-2360.8 -1698.7 -3241.2 -7300.684082
-2360.8 -1698.7 8562.8 4503.228470
-2360.8 -1698.7 8374.2 4314.674136
-2360.8 -1698.7 2277.1 -1782.416053
-2360.8 -1698.7 9704.4 5644.828581
-2360.8 -1698.7 1110.1 -2949.454033
-2360.8 -1698.7 11910.5 7850.996022
-2360.8 -1698.7 -2158.2 -6217.762739
-2360.8 -1698.7 -3723.3 -7782.835433
-2360.8 -1698.7 1830.7 -2228.847484
-2360.8 -1698.7 10508.5 6449.010025
-2360.8 -1698.7 2196.5 -1863.022194
-2360.8 7190.4 11998.3 16827.954052
-2360.8 7190.4 -2643.9 2185.711079
-2360.8 7190.4 10921.5 15751.080388
-2360.8 7190.4 -3155.0 1674.566801
-2360.8 7190.4 -1127.3 3702.275916
-2360.8 7190.4 -2904.2 1925.429565
-2360.8 7190.4 2111.9 6941.481812
-2360.8 7190.4 2124.5 6954.114255
-2360.8 7190.4 -3241.2 1588.459349
-2360.8 7190.4 8562.8 13392.371901
-2360.8 7190.4 8374.2 13203.817567
-2360.8 7190.4 2277.1 7106.727378
-2360.8 7190.4 9704.4 14533.972012
-2360.8 7190.4 1110.1 5939.689397
-2360.8 7190.4 11910.5 16740.139453
-2360.8 7190.4 -2158.2 2671.380692
-2360.8 7190.4 -3723.3 1106.307998
-2360.8 7190.4 1830.7 6660.295946
-2360.8 7190.4 10508.5 15338.153456
-2360.8 7190.4 2196.5 7026.121237
-2360.8 1523.8 11998.3 11161.272002
-2360.8 1523.8 -2643.9 -3480.970971
-2360.8 1523.8 10921.5 10084.398338
-2360.8 1523.8 -3155.0 -3992.115249
-2360.8 1523.8 -1127.3 -1964.406135
-2360.8 1523.8 -2904.2 -3741.252486
-2360.8 1523.8 2111.9 1274.799762
-2360.8 1523.8 2124.5 1287.432205
-2360.8 1523.8 -3241.2 -4078.222701
-2360.8 1523.8 8562.8 7725.689850
-2360.8 1523.8 8374.2 7537.135516
-2360.8 1523.8 2277.1 1440.045327
-2360.8 1523.8 9704.4 8867.289962
-2360.8 1523.8 1110.1 273.007347
-2360.8 1523.8 11910.5 11073.457402
-2360.8 1523.8 -2158.2 -2995.301358
-2360.8 1523.8 -3723.3 -4560.374053
-2360.8 1523.8 1830.7 993.613896
-2360.8 1523.8 10508.5 9671.471406
-2360.8 1523.8 2196.5 1359.439186
-2360.8 4729.7 11998.3 14367.246069
-2360.8 4729.7 -2643.9 -274.996904
-2360.8 4729.7 10921.5 13290.372405
-2360.8 4729.7 -3155.0 -786.141182
-2360.8 4729.7 -1127.3 1241.567932
-2360.8 4729.7 -2904.2 -535.278419
-2360.8 4729.7 2111.9 4480.773829
-2360.8 4729.7 2124.5 4493.406272
-2360.8 4729.7 -3241.2 -872.248634
-2360.8 4729.7 8562.8 10931.663918
-2360.8 4729.7 8374.2 10743.109584
-2360.8 4729.7 2277.1 4646.019395
-2360.8 4729.7 9704.4 12073.264029
-2360.8 4729.7 1110.1 3478.981414
-2360.8 4729.7 11910.5 14279.431470
-2360.8 4729.7 -2158.2 210.672709
-2360.8 4729.7 -3723.3 -1354.399985
-2360.8 4729.7 1830.7 4199.587963
-2360.8 4729.7 10508.5 12877.445473
-2360.8 4729.7 2196.5 4565.413254
-2360.8 4018.6 11998.3 13656.135603
-2360.8 4018.6 -2643.9 -986.107369
-2360.8 4018.6 10921.5 12579.261940
-2360.8 4018.6 -3155.0 -1497.251647
-2360.8 4018.6 -1127.3 530.457467
-2360.8 4018.6 -2904.2 -1246.388884
-2360.8 4018.6 2111.9 3769.663364
-2360.8 4018.6 2124.5 3782.295807
-2360.8 4018.6 -3241.2 -1583.359099
-2360.8 4018.6 8562.8 10220.553452
-2360.8 4018.6 8374.2 10031.999118
-2360.8 4018.6 2277.1 3934.908929
-2360.8 4018.6 9704.4 11362.153564
-2360.8 4018.6 1110.1 2767.870949
-2360.8 4018.6 11910.5 13568.321004
-2360.8 4018.6 -2158.2 -500.437757
-2360.8 4018.6 -3723.3 -2065.510451
-2360.8 4018.6 1830.7 3488.477498
-2360.8 4018.6 10508.5 12166.335007
-2360.8 4018.6 2196.5 3854.302788
4039.3 3708.1 11998.3 19745.764582
4039.3 3708.1 -2643.9 5103.521609
4039.3 3708.1 10921.5 18668.890918
4039.3 3708.1 -3155.0 4592.377331
4039.3 3708.1 -1127.3 6620.086446
4039.3 3708.1 -2904.2 4843.240095
4039.3 3708.1 2111.9 9859.292342
4039.3 3708.1 2124.5 9871.924785
4039.3 3708.1 -3241.2 4506.269879
4039.3 3708.1 8562.8 16310.182431
4039.3 3708.1 8374.2 16121.628097
4039.3 3708.1 2277.1 10024.537908
4039.3 3708.1 9704.4 17451.782542
4039.3 3708.1 1110.1 8857.499927
4039.3 3708.1 11910.5 19657.949983
4039.3 3708.1 -2158.2 5589.191222
4039.3 3708.1 -3723.3 4024.118528
4039.3 3708.1 1830.7 9578.106476
4039.3 3708.1 10508.5 18255.963986
4039.3 3708.1 2196.5 9943.931767
4039.3 -485.5 11998.3 15552.192549
4039.3 -485.5 -2643.9 909.949576
4039.3 -485.5 10921.5 14475.318886
4039.3 -485.5 -3155.0 398.805298
4039.3 -485.5 -1127.3 2426.514413
4039.3 -485.5 -2904.2 649.668062
4039.3 -485.5 2111.9 5665.720310
4039.3 -485.5 2124.5 5678.352752
4039.3 -485.5 -3241.2 312.697846
4039.3 -485.5 8562.8 12116.610398
4039.3 -485.5 8374.2 11928.056064
4039.3 -485.5 2277.1 5830.965875
4039.3 -485.5 9704.4 13258.210510
4039.3 -485.5 1110.1 4663.927895
4039.3 -485.5 11910.5 15464.377950
4039.3 -485.5 -2158.2 1395.619189
4039.3 -485.5 -3723.3 -169.453505
4039.3 -485.5 1830.7 5384.534444
4039.3 -485.5 10508.5 14062.391953
4039.3 -485.5 2196.5 5750.359734
4039.3 2727.4 11998.3 18765.040235
4039.3 2727.4 -2643.9 4122.797262
4039.3 2727.4 10921.5 17688.166571
4039.3 2727.4 -3155.0 3611.652984
4039.3 2727.4 -1127.3 5639.362098
4039.3 2727.4 -2904.2 3862.515747
4039.3 2727.4 2111.9 8878.567995
4039.3 2727.4 2124.5 8891.200438
4039.3 2727.4 -3241.2 3525.545532
4039.3 2727.4 8562.8 15329.458084
4039.3 2727.4 8374.2 15140.903750
4039.3 2727.4 2277.1 9043.813561
4039.3 2727.4 9704.4 16471.058195
4039.3 2727.4 1110.1 7876.775580
4039.3 2727.4 11910.5 18677.225636
4039.3 2727.4 -2158.2 4608.466875
4039.3 2727.4 -3723.3 3043.394181
4039.3 2727.4 1830.7 8597.382129
4039.3 2727.4 10508.5 17275.239639
4039.3 2727.4 2196.5 8963.207419
4039.3 5379.4 11998.3 21417.085578
4039.3 5379.4 -2643.9 6774.842605
4039.3 5379.4 10921.5 20340.211915
4039.3 5379.4 -3155.0 6263.698328
4039.3 5379.4 -1127.3 8291.407442
4039.3 5379.4 -2904.2 6514.561091
4039.3 5379.4 2111.9 11530.613339
4039.3 5379.4 2124.5 11543.245781
4039.3 5379.4 -3241.2 6177.590876
4039.3 5379.4 8562.8 17981.503427
4039.3 5379.4 8374.2 17792.949093
4039.3 5379.4 2277.1 11695.858904
4039.3 5379.4 9704.4 19123.103539
4039.3 5379.4 1110.1 10528.820924
4039.3 5379.4 11910.5 21329.270979
4039.3 5379.4 -2158.2 7260.512218
4039.3 5379.4 -3723.3 5695.439524
4039.3 5379.4 1830.7 11249.427473
4039.3 5379.4 10508.5 19927.284982
4039.3 5379.4 2196.5 11615.252763
4039.3 -3670.9 11998.3 12366.760349
4039.3 -3670.9 -2643.9 -2275.482624
4039.3 -3670.9 10921.5 11289.886685
4039.3 -3670.9 -3155.0 -2786.626902
4039.3 -3670.9 -1127.3 -758.917787
4039.3 -3670.9 -2904.2 -2535.764138
4039.3 -3670.9 2111.9 2480.288109
4039.3 -3670.9 2124.5 2492.920552
4039.3 -3670.9 -3241.2 -2872.734354
4039.3 -3670.9 8562.8 8931.178198
4039.3 -3670.9 8374.2 8742.623864
4039.3 -3670.9 2277.1 2645.533675
4039.3 -3670.9 9704.4 10072.778309
4039.3 -3670.9 1110.1 1478.495695
4039.3 -3670.9 11910.5 12278.945750
4039.3 -3670.9 -2158.2 -1789.813011
4039.3 -3670.9 -3723.3 -3354.885705
4039.3 -3670.9 1830.7 2199.102243
4039.3 -3670.9 10508.5 10876.959753
4039.3 -3670.9 2196.5 2564.927534
4039.3 1821.8 11998.3 17859.444232
4039.3 1821.8 -2643.9 3217.201260
4039.3 1821.8 10921.5 16782.570569
4039.3 1821.8 -3155.0 2706.056982
4039.3 1821.8 -1127.3 4733.766096
4039.3 1821.8 -2904.2 2956.919745
4039.3 1821.8 2111.9 7972.971993
4039.3 1821.8 2124.5 7985.604436
4039.3 1821.8 -3241.2 2619.949530
4039.3 1821.8 8562.8 14423.862081
4039.3 1821.8 8374.2 14235.307747
4039.3 1821.8 2277.1 8138.217558
4039.3 1821.8 9704.4 15565.462193
4039.3 1821.8 1110.1 6971.179578
4039.3 1821.8 11910.5 17771.629633
4039.3 1821.8 -2158.2 3702.870872
4039.3 1821.8 -3723.3 2137.798178
4039.3 1821.8 1830.7 7691.786127
4039.3 1821.8 10508.5 16369.643637
4039.3 1821.8 2196.5 8057.611417
4039.3 6584.0 11998.3 22621.656812
4039.3 6584.0 -2643.9 7979.413839
4039.3 6584.0 10921.5 21544.783149
4039.3 6584.0 -3155.0 7468.269562
4039.3 6584.0 -1127.3 9495.978676
4039.3 6584.0 -2904.2 7719.132325
4039.3 6584.0 2111.9 12735.184573
4039.3 6584.0 2124.5 12747.817015
4039.3 6584.0 -3241.2 7382.162110
4039.3 6584.0 8562.8 19186.074661
4039.3 6584.0 8374.2 18997.520327
4039.3 6584.0 2277.1 12900.430138
4039.3 6584.0 9704.4 20327.674773
4039.3 6584.0 1110.1 11733.392158
4039.3 6584.0 11910.5 22533.842213
4039.3 6584.0 -2158.2 8465.083452
4039.3 6584.0 -3723.3 6900.010758
4039.3 6584.0 1830.7 12453.998707
4039.3 6584.0 10508.5 21131.856216
4039.3 6584.0 2196.5 12819.823997
4039.3 843.6 11998.3 16881.285850
4039.3 843.6 -2643.9 2239.042877
4039.3 843.6 10921.5 15804.412186
4039.3 843.6 -3155.0 1727.898599
4039.3 843.6 -1127.3 3755.607714
4039.3 843.6 -2904.2 1978.761363
4039.3 843.6 2111.9 6994.813610
4039.3 843.6 2124.5 7007.446053
4039.3 843.6 -3241.2 1641.791147
4039.3 843.6 8562.8 13445.703699
4039.3 843.6 8374.2 13257.149365
4039.3 843.6 2277.1 7160.059176
4039.3 843.6 9704.4 14587.303810
4039.3 843.6 1110.1 5993.021195
4039.3 843.6 11910.5 16793.471251
4039.3 843.6 -2158.2 2724.712490
4039.3 843.6 -3723.3 1159.639796
4039.3 843.6 1830.7 6713.627744
4039.3 843.6 10508.5 15391.485254
4039.3 843.6 2196.5 7079.453035
4039.3 5349.2 11998.3 21386.878190
4039.3 5349.2 -2643.9 6744.635217
4039.3 5349.2 10921.5 20310.004527
4039.3 5349.2 -3155.0 6233.490939
4039.3 5349.2 -1127.3 8261.200054
4039.3 5349.2 -2904.2 6484.353703
4039.3 5349.2 2111.9 11500.405951
4039.3 5349.2 2124.5 11513.038393
4039.3 5349.2 -3241.2 6147.383487
4039.3 5349.2 8562.8 17951.296039
4039.3 5349.2 8374.2 17762.741705
4039.3 5349.2 2277.1 11665.651516
4039.3 5349.2 9704.4 19092.896150
4039.3 5349.2 1110.1 10498.613536
4039.3 5349.2 11910.5 21299.063591
4039.3 5349.2 -2158.2 7230.304830
4039.3 5349.2 -3723.3 5665.232136
4039.3 5349.2 1830.7 11219.220085
4039.3 5349.2 10508.5 19897.077594
4039.3 5349.2 2196.5 11585.045375
4039.3 -3183.9 11998.3 12853.788882
4039.3 -3183.9 -2643.9 -1788.454091
4039.3 -3183.9 10921.5 11776.915218
4039.3 -3183.9 -3155.0 -2299.598369
4039.3 -3183.9 -1127.3 -271.889255
4039.3 -3183.9 -2904.2 -2048.735606
4039.3 -3183.9 2111.9 2967.316642
4039.3 -3183.9 2124.5 2979.949085
4039.3 -3183.9 -3241.2 -2385.705821
4039.3 -3183.9 8562.8 9418.206731
4039.3 -3183.9 8374.2 9229.652396
4039.3 -3183.9 2277.1 3132.562208
4039.3 -3183.9 9704.4 10559.806842
4039.3 -3183.9 1110.1 1965.524227
4039.3 -3183.9 11910.5 12765.974283
4039.3 -3183.9 -2158.2 -1302.784478
4039.3 -3183.9 -3723.3 -2867.857173
4039.3 -3183.9 1830.7 2686.130776
4039.3 -3183.9 10508.5 11363.988286
4039.3 -3183.9 2196.5 3051.956066
4039.3 11753.9 11998.3 27791.551725
4039.3 11753.9 -2643.9 13149.308752
4039.3 11753.9 10921.5 26714.678062
4039.3 11753.9 -3155.0 12638.164474
4039.3 11753.9 -1127.3 14665.873589
4039.3 11753.9 -2904.2 12889.027238
4039.3 11753.9 2111.9 17905.079486
4039.3 11753.9 2124.5 17917.711928
4039.3 11753.9 -3241.2 12552.057022
4039.3 11753.9 8562.8 24355.969574
4039.3 11753.9 8374.2 24167.415240
4039.3 11753.9 2277.1 18070.325051
4039.3 11753.9 9704.4 25497.569685
4039.3 11753.9 1110.1 16903.287071
4039.3 11753.9 11910.5 27703.737126
4039.3 11753.9 -2158.2 13634.978365
4039.3 11753.9 -3723.3 12069.905671
4039.3 11753.9 1830.7 17623.893620
4039.3 11753.9 10508.5 26301.751129
4039.3 11753.9 2196.5 17989.718910
4039.3 5341.0 11998.3 21378.708656
4039.3 5341.0 -2643.9 6736.465683
4039.3 5341.0 10921.5 20301.834993
4039.3 5341.0 -3155.0 6225.321405
4039.3 5341.0 -1127.3 8253.030520
4039.3 5341.0 -2904.2 6476.184169
4039.3 5341.0 2111.9 11492.236417
4039.3 5341.0 2124.5 11504.868859
4039.3 5341.0 -3241.2 6139.213953
4039.3 5341.0 8562.8 17943.126505
4039.3 5341.0 8374.2 17754.572171
4039.3 5341.0 2277.1 11657.481982
4039.3 5341.0 9704.4 19084.726617
4039.3 5341.0 1110.1 10490.444002
4039.3 5341.0 11910.5 21290.894057
4039.3 5341.0 -2158.2 7222.135296
4039.3 5341.0 -3723.3 5657.062602
4039.3 5341.0 1830.7 11211.050551
4039.3 5341.0 10508.5 19888.908060
4039.3 5341.0 2196.5 11576.875841
4039.3 11133.2 11998.3 27170.837402
4039.3 11133.2 -2643.9 12528.594429
4039.3 11133.2 10921.5 26093.963739
4039.3 11133.2 -3155.0 12017.450151
4039.3 11133.2 -1127.3 14045.159266
4039.3 11133.2 -2904.2 12268.312915
4039.3 11133.2 2111.9 17284.365163
4039.3 11133.2 2124.5 17296.997605
4039.3 11133.2 -3241.2 11931.342699
4039.3 11133.2 8562.8 23735.255251
4039.3 11133.2 8374.2 23546.700917
4039.3 11133.2 2277.1 17449.610728
4039.3 11133.2 9704.4 24876.855362
4039.3 11133.2 1110.1 16282.572748
4039.3 11133.2 11910.5 27083.022803
4039.3 11133.2 -2158.2 13014.264042
4039.3 11133.2 -3723.3 11449.191348
4039.3 11133.2 1830.7 17003.179297
4039.3 11133.2 10508.5 25681.036806
4039.3 11133.2 2196.5 17369.004587
4039.3 7090.2 11998.3 23127.897591
4039.3 7090.2 -2643.9 8485.654618
4039.3 7090.2 10921.5 22051.023927
4039.3 7090.2 -3155.0 7974.510340
4039.3 7090.2 -1127.3 10002.219454
4039.3 7090.2 -2904.2 8225.373103
4039.3 7090.2 2111.9 13241.425351
4039.3 7090.2 2124.5 13254.057794
4039.3 7090.2 -3241.2 7888.402888
4039.3 7090.2 8562.8 19692.315439
4039.3 7090.2 8374.2 19503.761105
4039.3 7090.2 2277.1 13406.670917
4039.3 7090.2 9704.4 20833.915551
4039.3 7090.2 1110.1 12239.632936
4039.3 7090.2 11910.5 23040.082991
4039.3 7090.2 -2158.2 8971.324231
4039.3 7090.2 -3723.3 7406.251536
4039.3 7090.2 1830.7 12960.239485
4039.3 7090.2 10508.5 21638.096995
4039.3 7090.2 2196.5 13326.064775
4039.3 -3852.4 11998.3 12185.259982
4039.3 -3852.4 -2643.9 -2456.982991
4039.3 -3852.4 10921.5 11108.386318
4039.3 -3852.4 -3155.0 -2968.127269
4039.3 -3852.4 -1127.3 -940.418155
4039.3 -3852.4 -2904.2 -2717.264506
4039.3 -3852.4 2111.9 2298.787742
4039.3 -3852.4 2124.5 2311.420185
4039.3 -3852.4 -3241.2 -3054.234721
4039.3 -3852.4 8562.8 8749.677830
4039.3 -3852.4 8374.2 8561.123496
4039.3 -3852.4 2277.1 2464.033308
4039.3 -3852.4 9704.4 9891.277942
4039.3 -3852.4 1110.1 1296.995327
4039.3 -3852.4 11910.5 12097.445382
4039.3 -3852.4 -2158.2 -1971.313378
4039.3 -3852.4 -3723.3 -3536.386073
4039.3 -3852.4 1830.7 2017.601876
4039.3 -3852.4 10508.5 10695.459386
4039.3 -3852.4 2196.5 2383.427166
4039.3 -1698.7 11998.3 14338.968010
4039.3 -1698.7 -2643.9 -303.274962
4039.3 -1698.7 10921.5 13262.094347
4039.3 -1698.7 -3155.0 -814.419240
4039.3 -1698.7 -1127.3 1213.289874
4039.3 -1698.7 -2904.2 -563.556477
4039.3 -1698.7 2111.9 4452.495771
4039.3 -1698.7 2124.5 4465.128214
4039.3 -1698.7 -3241.2 -900.526692
4039.3 -1698.7 8562.8 10903.385859
4039.3 -1698.7 8374.2 10714.831525
4039.3 -1698.7 2277.1 4617.741336
4039.3 -1698.7 9704.4 12044.985971
4039.3 -1698.7 1110.1 3450.703356
4039.3 -1698.7 11910.5 14251.153411
4039.3 -1698.7 -2158.2 182.394650
4039.3 -1698.7 -3723.3 -1382.678044
4039.3 -1698.7 1830.7 4171.309905
4039.3 -1698.7 10508.5 12849.167414
4039.3 -1698.7 2196.5 4537.135195
4039.3 7190.4 11998.3 23228.111441
4039.3 7190.4 -2643.9 8585.868469
4039.3 7190.4 10921.5 22151.237778
4039.3 7190.4 -3155.0 8074.724191
4039.3 7190.4 -1127.3 10102.433305
4039.3 7190.4 -2904.2 8325.586954
4039.3 7190.4 2111.9 13341.639202
4039.3 7190.4 2124.5 13354.271645
4039.3 7190.4 -3241.2 7988.616739
4039.3 7190.4 8562.8 19792.529290
4039.3 7190.4 8374.2 19603.974956
4039.3 7190.4 2277.1 13506.884767
4039.3 7190.4 9704.4 20934.129402
4039.3 7190.4 1110.1 12339.846787
4039.3 7190.4 11910.5 23140.296842
4039.3 7190.4 -2158.2 9071.538081
4039.3 7190.4 -3723.3 7506.465387
4039.3 7190.4 1830.7 13060.453336
4039.3 7190.4 10508.5 21738.310845
4039.3 7190.4 2196.5 13426.278626
4039.3 1523.8 11998.3 17561.429391
4039.3 1523.8 -2643.9 2919.186418
4039.3 1523.8 10921.5 16484.555727
4039.3 1523.8 -3155.0 2408.042140
4039.3 1523.8 -1127.3 4435.751255
4039.3 1523.8 -2904.2 2658.904904
4039.3 1523.8 2111.9 7674.957151
4039.3 1523.8 2124.5 7687.589594
4039.3 1523.8 -3241.2 2321.934688
4039.3 1523.8 8562.8 14125.847240
4039.3 1523.8 8374.2 13937.292906
4039.3 1523.8 2277.1 7840.202717
4039.3 1523.8 9704.4 15267.447351
4039.3 1523.8 1110.1 6673.164736
4039.3 1523.8 11910.5 17473.614792
4039.3 1523.8 -2158.2 3404.856031
4039.3 1523.8 -3723.3 1839.783337
4039.3 1523.8 1830.7 7393.771285
4039.3 1523.8 10508.5 16071.628795
4039.3 1523.8 2196.5 7759.596576
4039.3 4729.7 11998.3 20767.403458
4039.3 4729.7 -2643.9 6125.160485
4039.3 4729.7 10921.5 19690.529795
4039.3 4729.7 -3155.0 5614.016207
4039.3 4729.7 -1127.3 7641.725322
4039.3 4729.7 -2904.2 5864.878971
4039.3 4729.7 2111.9 10880.931219
4039.3 4729.7 2124.5 10893.563661
4039.3 4729.7 -3241.2 5527.908755
4039.3 4729.7 8562.8 17331.821307
4039.3 4729.7 8374.2 17143.266973
4039.3 4729.7 2277.1 11046.176784
4039.3 4729.7 9704.4 18473.421418
4039.3 4729.7 1110.1 9879.138804
4039.3 4729.7 11910.5 20679.588859
4039.3 4729.7 -2158.2 6610.830098
4039.3 4729.7 -3723.3 5045.757404
4039.3 4729.7 1830.7 10599.745353
4039.3 4729.7 10508.5 19277.602862
4039.3 4729.7 2196.5 10965.570643
4039.3 4018.6 11998.3 20056.292993
4039.3 4018.6 -2643.9 5414.050020
4039.3 4018.6 10921.5 18979.419329
4039.3 4018.6 -3155.0 4902.905742
4039.3 4018.6 -1127.3 6930.614856
4039.3 4018.6 -2904.2 5153.768505
4039.3 4018.6 2111.9 10169.820753
4039.3 4018.6 2124.5 10182.453196
4039.3 4018.6 -3241.2 4816.798290
4039.3 4018.6 8562.8 16620.710842
4039.3 4018.6 8374.2 16432.156507
4039.3 4018.6 2277.1 10335.066319
4039.3 4018.6 9704.4 17762.310953
4039.3 4018.6 1110.1 9168.028338
4039.3 4018.6 11910.5 19968.478394
4039.3 4018.6 -2158.2 5899.719633
4039.3 4018.6 -3723.3 4334.646939
4039.3 4018.6 1830.7 9888.634887
4039.3 4018.6 10508.5 18566.492397
4039.3 4018.6 2196.5 10254.460177
-2591.4 3708.1 11998.3 13114.994380
-2591.4 3708.1 -2643.9 -1527.248593
-2591.4 3708.1 10921.5 12038.120717
-2591.4 3708.1 -3155.0 -2038.392870
-2591.4 3708.1 -1127.3 -10.683756
-2591.4 3708.1 -2904.2 -1787.530107
-2591.4 3708.1 2111.9 3228.522141
-2591.4 3708.1 2124.5 3241.154583
-2591.4 3708.1 -3241.2 -2124.500322
-2591.4 3708.1 8562.8 9679.412229
-2591.4 3708.1 8374.2 9490.857895
-2591.4 3708.1 2277.1 3393.767706
-2591.4 3708.1 9704.4 10821.012341
-2591.4 3708.1 1110.1 2226.729726
-2591.4 3708.1 11910.5 13027.179781
-2591.4 3708.1 -2158.2 -1041.578980
-2591.4 3708.1 -3723.3 -2606.651674
-2591.4 3708.1 1830.7 2947.336275
-2591.4 3708.1 10508.5 11625.193784
-2591.4 3708.1 2196.5 3313.161565
-2591.4 -485.5 11998.3 8921.422348
-2591.4 -485.5 -2643.9 -5720.820625
-2591.4 -485.5 10921.5 7844.548684
-2591.4 -485.5 -3155.0 -6231.964903
-2591.4 -485.5 -1127.3 -4204.255789
-2591.4 -485.5 -2904.2 -5981.102140
-2591.4 -485.5 2111.9 -965.049892
-2591.4 -485.5 2124.5 -952.417449
-2591.4 -485.5 -3241.2 -6318.072355
-2591.4 -485.5 8562.8 5485.840196
-2591.4 -485.5 8374.2 5297.285862
-2591.4 -485.5 2277.1 -799.804326
-2591.4 -485.5 9704.4 6627.440308
-2591.4 -485.5 1110.1 -1966.842307
-2591.4 -485.5 11910.5 8833.607748
-2591.4 -485.5 -2158.2 -5235.151012
-2591.4 -485.5 -3723.3 -6800.223707
-2591.4 -485.5 1830.7 -1246.235758
-2591.4 -485.5 10508.5 7431.621752
-2591.4 -485.5 2196.5 -880.410468
-2591.4 2727.4 11998.3 12134.270033
-2591.4 2727.4 -2643.9 -2507.972940
-2591.4 2727.4 10921.5 11057.396370
-2591.4 2727.4 -3155.0 -3019.117218
-2591.4 2727.4 -1127.3 -991.408103
-2591.4 2727.4 -2904.2 -2768.254454
-2591.4 2727.4 2111.9 2247.797794
-2591.4 2727.4 2124.5 2260.430236
-2591.4 2727.4 -3241.2 -3105.224670
-2591.4 2727.4 8562.8 8698.687882
-2591.4 2727.4 8374.2 8510.133548
-2591.4 2727.4 2277.1 2413.043359
-2591.4 2727.4 9704.4 9840.287993
-2591.4 2727.4 1110.1 1246.005379
-2591.4 2727.4 11910.5 12046.455434
-2591.4 2727.4 -2158.2 -2022.303327
-2591.4 2727.4 -3723.3 -3587.376021
-2591.4 2727.4 1830.7 1966.611928
-2591.4 2727.4 10508.5 10644.469437
-2591.4 2727.4 2196.5 2332.437218
-2591.4 5379.4 11998.3 14786.315377
-2591.4 5379.4 -2643.9 144.072404
-2591.4 5379.4 10921.5 13709.441713
-2591.4 5379.4 -3155.0 -367.071874
-2591.4 5379.4 -1127.3 1660.637240
-2591.4 5379.4 -2904.2 -116.209111
-2591.4 5379.4 2111.9 4899.843137
-2591.4 5379.4 2124.5 4912.475580
-2591.4 5379.4 -3241.2 -453.179326
-2591.4 5379.4 8562.8 11350.733226
-2591.4 5379.4 8374.2 11162.178891
-2591.4 5379.4 2277.1 5065.088703
-2591.4 5379.4 9704.4 12492.333337
-2591.4 5379.4 1110.1 3898.050722
-2591.4 5379.4 11910.5 14698.500778
-2591.4 5379.4 -2158.2 629.742017
-2591.4 5379.4 -3723.3 -935.330678
-2591.4 5379.4 1830.7 4618.657271
-2591.4 5379.4 10508.5 13296.514781
-2591.4 5379.4 2196.5 4984.482561
-2591.4 -3670.9 11998.3 5735.990147
-2591.4 -3670.9 -2643.9 -8906.252825
-2591.4 -3670.9 10921.5 4659.116484
-2591.4 -3670.9 -3155.0 -9417.397103
-2591.4 -3670.9 -1127.3 -7389.687989
-2591.4 -3670.9 -2904.2 -9166.534340
-2591.4 -3670.9 2111.9 -4150.482092
-2591.4 -3670.9 2124.5 -4137.849649
-2591.4 -3670.9 -3241.2 -9503.504555
-2591.4 -3670.9 8562.8 2300.407996
-2591.4 -3670.9 8374.2 2111.853662
-2591.4 -3670.9 2277.1 -3985.236527
-2591.4 -3670.9 9704.4 3442.008108
-2591.4 -3670.9 1110.1 -5152.274507
-2591.4 -3670.9 11910.5 5648.175548
-2591.4 -3670.9 -2158.2 -8420.583213
-2591.4 -3670.9 -3723.3 -9985.655907
-2591.4 -3670.9 1830.7 -4431.667958
-2591.4 -3670.9 10508.5 4246.189551
-2591.4 -3670.9 2196.5 -4065.842668
-2591.4 1821.8 11998.3 11228.674031
-2591.4 1821.8 -2643.9 -3413.568942
-2591.4 1821.8 10921.5 10151.800367
-2591.4 1821.8 -3155.0 -3924.713220
-2591.4 1821.8 -1127.3 -1897.004105
-2591.4 1821.8 -2904.2 -3673.850456
-2591.4 1821.8 2111.9 1342.201791
-2591.4 1821.8 2124.5 1354.834234
-2591.4 1821.8 -3241.2 -4010.820672
-2591.4 1821.8 8562.8 7793.091880
-2591.4 1821.8 8374.2 7604.537546
-2591.4 1821.8 2277.1 1507.447357
-2591.4 1821.8 9704.4 8934.691991
-2591.4 1821.8 1110.1 340.409376
-2591.4 1821.8 11910.5 11140.859432
-2591.4 1821.8 -2158.2 -2927.899329
-2591.4 1821.8 -3723.3 -4492.972023
-2591.4 1821.8 1830.7 1061.015925
-2591.4 1821.8 10508.5 9738.873435
-2591.4 1821.8 2196.5 1426.841216
-2591.4 6584.0 11998.3 15990.886611
-2591.4 6584.0 -2643.9 1348.643638
-2591.4 6584.0 10921.5 14914.012947
-2591.4 6584.0 -3155.0 837.499360
-2591.4 6584.0 -1127.3 2865.208474
-2591.4 6584.0 -2904.2 1088.362123
-2591.4 6584.0 2111.9 6104.414371
-2591.4 6584.0 2124.5 6117.046814
-2591.4 6584.0 -3241.2 751.391908
-2591.4 6584.0 8562.8 12555.304459
-2591.4 6584.0 8374.2 12366.750125
-2591.4 6584.0 2277.1 6269.659937
-2591.4 6584.0 9704.4 13696.904571
-2591.4 6584.0 1110.1 5102.621956
-2591.4 6584.0 11910.5 15903.072012
-2591.4 6584.0 -2158.2 1834.313251
-2591.4 6584.0 -3723.3 269.240556
-2591.4 6584.0 1830.7 5823.228505
-2591.4 6584.0 10508.5 14501.086015
-2591.4 6584.0 2196.5 6189.053795
-2591.4 843.6 11998.3 10250.515648
-2591.4 843.6 -2643.9 -4391.727324
-2591.4 843.6 10921.5 9173.641985
-2591.4 843.6 -3155.0 -4902.871602
-2591.4 843.6 -1127.3 -2875.162488
-2591.4 843.6 -2904.2 -4652.008839
-2591.4 843.6 2111.9 364.043409
-2591.4 843.6 2124.5 376.675852
-2591.4 843.6 -3241.2 -4988.979054
-2591.4 843.6 8562.8 6814.933497
-2591.4 843.6 8374.2 6626.379163
-2591.4 843.6 2277.1 529.288974
-2591.4 843.6 9704.4 7956.533609
-2591.4 843.6 1110.1 -637.749006
-2591.4 843.6 11910.5 10162.701049
-2591.4 843.6 -2158.2 -3906.057712
-2591.4 843.6 -3723.3 -5471.130406
-2591.4 843.6 1830.7 82.857543
-2591.4 843.6 10508.5 8760.715052
-2591.4 843.6 2196.5 448.682833
-2591.4 5349.2 11998.3 14756.107989
-2591.4 5349.2 -2643.9 113.865016
-2591.4 5349.2 10921.5 13679.234325
-2591.4 5349.2 -3155.0 -397.279262
-2591.4 5349.2 -1127.3 1630.429852
-2591.4 5349.2 -2904.2 -146.416499
-2591.4 5349.2 2111.9 4869.635749
-2591.4 5349.2 2124.5 4882.268192
-2591.4 5349.2 -3241.2 -483.386714
-2591.4 5349.2 8562.8 11320.525837
-2591.4 5349.2 8374.2 11131.971503
-2591.4 5349.2 2277.1 5034.881314
-2591.4 5349.2 9704.4 12462.125949
-2591.4 5349.2 1110.1 3867.843334
-2591.4 5349.2 11910.5 14668.293389
-2591.4 5349.2 -2158.2 599.534629
-2591.4 5349.2 -3723.3 -965.538066
-2591.4 5349.2 1830.7 4588.449883
-2591.4 5349.2 10508.5 13266.307393
-2591.4 5349.2 2196.5 4954.275173
-2591.4 -3183.9 11998.3 6223.018680
-2591.4 -3183.9 -2643.9 -8419.224293
-2591.4 -3183.9 10921.5 5146.145017
-2591.4 -3183.9 -3155.0 -8930.368571
-2591.4 -3183.9 -1127.3 -6902.659456
-2591.4 -3183.9 -2904.2 -8679.505807
-2591.4 -3183.9 2111.9 -3663.453560
-2591.4 -3183.9 2124.5 -3650.821117
-2591.4 -3183.9 -3241.2 -9016.476023
-2591.4 -3183.9 8562.8 2787.436529
-2591.4 -3183.9 8374.2 2598.882195
-2591.4 -3183.9 2277.1 -3498.207994
-2591.4 -3183.9 9704.4 3929.036640
-2591.4 -3183.9 1110.1 -4665.245974
-2591.4 -3183.9 11910.5 6135.204081
-2591.4 -3183.9 -2158.2 -7933.554680
-2591.4 -3183.9 -3723.3 -9498.627374
-2591.4 -3183.9 1830.7 -3944.639426
-2591.4 -3183.9 10508.5 4733.218084
-2591.4 -3183.9 2196.5 -3578.814135
-2591.4 11753.9 11998.3 21160.781524
-2591.4 11753.9 -2643.9 6518.538551
-2591.4 11753.9 10921.5 20083.907860
-2591.4 11753.9 -3155.0 6007.394273
-2591.4 11753.9 -1127.3 8035.103387
-2591.4 11753.9 -2904.2 6258.257036
-2591.4 11753.9 2111.9 11274.309284
-2591.4 11753.9 2124.5 11286.941727
-2591.4 11753.9 -3241.2 5921.286821
-2591.4 11753.9 8562.8 17725.199372
-2591.4 11753.9 8374.2 17536.645038
-2591.4 11753.9 2277.1 11439.554849
-2591.4 11753.9 9704.4 18866.799484
-2591.4 11753.9 1110.1 10272.516869
-2591.4 11753.9 11910.5 21072.966924
-2591.4 11753.9 -2158.2 7004.208164
-2591.4 11753.9 -3723.3 5439.135469
-2591.4 11753.9 1830.7 10993.123418
-2591.4 11753.9 10508.5 19670.980928
-2591.4 11753.9 2196.5 11358.948708
-2591.4 5341.0 11998.3 14747.938455
-2591.4 5341.0 -2643.9 105.695482
-2591.4 5341.0 10921.5 13671.064791
-2591.4 5341.0 -3155.0 -405.448796
-2591.4 5341.0 -1127.3 1622.260318
-2591.4 5341.0 -2904.2 -154.586033
-2591.4 5341.0 2111.9 4861.466215
-2591.4 5341.0 2124.5 4874.098658
-2591.4 5341.0 -3241.2 -491.556248
-2591.4 5341.0 8562.8 11312.356303
-2591.4 5341.0 8374.2 11123.801969
-2591.4 5341.0 2277.1 5026.711780
-2591.4 5341.0 9704.4 12453.956415
-2591.4 5341.0 1110.1 3859.673800
-2591.4 5341.0 11910.5 14660.123855
-2591.4 5341.0 -2158.2 591.365095
-2591.4 5341.0 -3723.3 -973.707600
-2591.4 5341.0 1830.7 4580.280349
-2591.4 5341.0 10508.5 13258.137859
-2591.4 5341.0 2196.5 4946.105639
-2591.4 11133.2 11998.3 20540.067200
-2591.4 11133.2 -2643.9 5897.824228
-2591.4 11133.2 10921.5 19463.193537
-2591.4 11133.2 -3155.0 5386.679950
-2591.4 11133.2 -1127.3 7414.389064
-2591.4 11133.2 -2904.2 5637.542713
-2591.4 11133.2 2111.9 10653.594961
-2591.4 11133.2 2124.5 10666.227404
-2591.4 11133.2 -3241.2 5300.572498
-2591.4 11133.2 8562.8 17104.485049
-2591.4 11133.2 8374.2 16915.930715
-2591.4 11133.2 2277.1 10818.840526
-2591.4 11133.2 9704.4 18246.085161
-2591.4 11133.2 1110.1 9651.802546
-2591.4 11133.2 11910.5 20452.252601
-2591.4 11133.2 -2158.2 6383.493840
-2591.4 11133.2 -3723.3 4818.421146
-2591.4 11133.2 1830.7 10372.409095
-2591.4 11133.2 10508.5 19050.266605
-2591.4 11133.2 2196.5 10738.234385
-2591.4 7090.2 11998.3 16497.127389
-2591.4 7090.2 -2643.9 1854.884416
-2591.4 7090.2 10921.5 15420.253725
-2591.4 7090.2 -3155.0 1343.740138
-2591.4 7090.2 -1127.3 3371.449253
-2591.4 7090.2 -2904.2 1594.602902
-2591.4 7090.2 2111.9 6610.655149
-2591.4 7090.2 2124.5 6623.287592
-2591.4 7090.2 -3241.2 1257.632686
-2591.4 7090.2 8562.8 13061.545238
-2591.4 7090.2 8374.2 12872.990904
-2591.4 7090.2 2277.1 6775.900715
-2591.4 7090.2 9704.4 14203.145349
-2591.4 7090.2 1110.1 5608.862734
-2591.4 7090.2 11910.5 16409.312790
-2591.4 7090.2 -2158.2 2340.554029
-2591.4 7090.2 -3723.3 775.481335
-2591.4 7090.2 1830.7 6329.469283
-2591.4 7090.2 10508.5 15007.326793
-2591.4 7090.2 2196.5 6695.294574
-2591.4 -3852.4 11998.3 5554.489780
-2591.4 -3852.4 -2643.9 -9087.753193
-2591.4 -3852.4 10921.5 4477.616116
-2591.4 -3852.4 -3155.0 -9598.897471
-2591.4 -3852.4 -1127.3 -7571.188356
-2591.4 -3852.4 -2904.2 -9348.034707
-2591.4 -3852.4 2111.9 -4331.982460
-2591.4 -3852.4 2124.5 -4319.350017
-2591.4 -3852.4 -3241.2 -9685.004923
-2591.4 -3852.4 8562.8 2118.907629
-2591.4 -3852.4 8374.2 1930.353295
-2591.4 -3852.4 2277.1 -4166.736894
-2591.4 -3852.4 9704.4 3260.507740
-2591.4 -3852.4 1110.1 -5333.774875
-2591.4 -3852.4 11910.5 5466.675181
-2591.4 -3852.4 -2158.2 -8602.083580
-2591.4 -3852.4 -3723.3 -10167.156274
-2591.4 -3852.4 1830.7 -4613.168326
-2591.4 -3852.4 10508.5 4064.689184
-2591.4 -3852.4 2196.5 -4247.343035
-2591.4 -1698.7 11998.3 7708.197809
-2591.4 -1698.7 -2643.9 -6934.045164
-2591.4 -1698.7 10921.5 6631.324145
-2591.4 -1698.7 -3155.0 -7445.189442
-2591.4 -1698.7 -1127.3 -5417.480327
-2591.4 -1698.7 -2904.2 -7194.326678
-2591.4 -1698.7 2111.9 -2178.274431
-2591.4 -1698.7 2124.5 -2165.641988
-2591.4 -1698.7 -3241.2 -7531.296894
-2591.4 -1698.7 8562.8 4272.615658
-2591.4 -1698.7 8374.2 4084.061324
-2591.4 -1698.7 2277.1 -2013.028865
-2591.4 -1698.7 9704.4 5414.215769
-2591.4 -1698.7 1110.1 -3180.066846
-2591.4 -1698.7 11910.5 7620.383210
-2591.4 -1698.7 -2158.2 -6448.375551
-2591.4 -1698.7 -3723.3 -8013.448245
-2591.4 -1698.7 1830.7 -2459.460297
-2591.4 -1698.7 10508.5 6218.397213
-2591.4 -1698.7 2196.5 -2093.635006
-2591.4 7190.4 11998.3 16597.341240
-2591.4 7190.4 -2643.9 1955.098267
-2591.4 7190.4 10921.5 15520.467576
-2591.4 7190.4 -3155.0 1443.953989
-2591.4 7190.4 -1127.3 3471.663103
-2591.4 7190.4 -2904.2 1694.816752
-2591.4 7190.4 2111.9 6710.869000
-2591.4 7190.4 2124.5 6723.501443
-2591.4 7190.4 -3241.2 1357.846537
-2591.4 7190.4 8562.8 13161.759089
-2591.4 7190.4 8374.2 12973.204755
-2591.4 7190.4 2277.1 6876.114566
-2591.4 7190.4 9704.4 14303.359200
-2591.4 7190.4 1110.1 5709.076585
-2591.4 7190.4 11910.5 16509.526641
-2591.4 7190.4 -2158.2 2440.767880
-2591.4 7190.4 -3723.3 875.695186
-2591.4 7190.4 1830.7 6429.683134
-2591.4 7190.4 10508.5 15107.540644
-2591.4 7190.4 2196.5 6795.508424
-2591.4 1523.8 11998.3 10930.659189
-2591.4 1523.8 -2643.9 -3711.583784
-2591.4 1523.8 10921.5 9853.785526
-2591.4 1523.8 -3155.0 -4222.728061
-2591.4 1523.8 -1127.3 -2195.018947
-2591.4 1523.8 -2904.2 -3971.865298
-2591.4 1523.8 2111.9 1044.186950
-2591.4 1523.8 2124.5 1056.819392
-2591.4 1523.8 -3241.2 -4308.835513
-2591.4 1523.8 8562.8 7495.077038
-2591.4 1523.8 8374.2 7306.522704
-2591.4 1523.8 2277.1 1209.432515
-2591.4 1523.8 9704.4 8636.677150
-2591.4 1523.8 1110.1 42.394535
-2591.4 1523.8 11910.5 10842.844590
-2591.4 1523.8 -2158.2 -3225.914171
-2591.4 1523.8 -3723.3 -4790.986865
-2591.4 1523.8 1830.7 763.001084
-2591.4 1523.8 10508.5 9440.858593
-2591.4 1523.8 2196.5 1128.826374
-2591.4 4729.7 11998.3 14136.633257
-2591.4 4729.7 -2643.9 -505.609716
-2591.4 4729.7 10921.5 13059.759593
-2591.4 4729.7 -3155.0 -1016.753994
-2591.4 4729.7 -1127.3 1010.955120
-2591.4 4729.7 -2904.2 -765.891231
-2591.4 4729.7 2111.9 4250.161017
-2591.4 4729.7 2124.5 4262.793460
-2591.4 4729.7 -3241.2 -1102.861446
-2591.4 4729.7 8562.8 10701.051105
-2591.4 4729.7 8374.2 10512.496771
-2591.4 4729.7 2277.1 4415.406582
-2591.4 4729.7 9704.4 11842.651217
-2591.4 4729.7 1110.1 3248.368602
-2591.4 4729.7 11910.5 14048.818657
-2591.4 4729.7 -2158.2 -19.940103
-2591.4 4729.7 -3723.3 -1585.012798
-2591.4 4729.7 1830.7 3968.975151
-2591.4 4729.7 10508.5 12646.832661
-2591.4 4729.7 2196.5 4334.800441
-2591.4 4018.6 11998.3 13425.522791
-2591.4 4018.6 -2643.9 -1216.720182
-2591.4 4018.6 10921.5 12348.649128
-2591.4 4018.6 -3155.0 -1727.864460
-2591.4 4018.6 -1127.3 299.844655
-2591.4 4018.6 -2904.2 -1477.001696
-2591.4 4018.6 2111.9 3539.050552
-2591.4 4018.6 2124.5 3551.682994
-2591.4 4018.6 -3241.2 -1813.971912
-2591.4 4018.6 8562.8 9989.940640
-2591.4 4018.6 8374.2 9801.386306
-2591.4 4018.6 2277.1 3704.296117
-2591.4 4018.6 9704.4 11131.540751
-2591.4 4018.6 1110.1 2537.258137
-2591.4 4018.6 11910.5 13337.708192
-2591.4 4018.6 -2158.2 -731.050569
-2591.4 4018.6 -3723.3 -2296.123263
-2591.4 4018.6 1830.7 3257.864686
-2591.4 4018.6 10508.5 11935.722195
-2591.4 4018.6 2196.5 3623.689976
2490.9 3708.1 11998.3 18197.307640
2490.9 3708.1 -2643.9 3555.064667
2490.9 3708.1 10921.5 17120.433976
2490.9 3708.1 -3155.0 3043.920389
2490.9 3708.1 -1127.3 5071.629503
2490.9 3708.1 -2904.2 3294.783153
2490.9 3708.1 2111.9 8310.835400
2490.9 3708.1 2124.5 8323.467843
2490.9 3708.1 -3241.2 2957.812937
2490.9 3708.1 8562.8 14761.725489
2490.9 3708.1 8374.2 14573.171155
2490.9 3708.1 2277.1 8476.080966
2490.9 3708.1 9704.4 15903.325600
2490.9 3708.1 1110.1 7309.042985
2490.9 3708.1 11910.5 18109.493041
2490.9 3708.1 -2158.2 4040.734280
2490.9 3708.1 -3723.3 2475.661586
2490.9 3708.1 1830.7 8029.649534
2490.9 3708.1 10508.5 16707.507044
2490.9 3708.1 2196.5 8395.474825
2490.9 -485.5 11998.3 14003.735607
2490.9 -485.5 -2643.9 -638.507366
2490.9 -485.5 10921.5 12926.861944
2490.9 -485.5 -3155.0 -1149.651644
2490.9 -485.5 -1127.3 878.057471
2490.9 -485.5 -2904.2 -898.788880
2490.9 -485.5 2111.9 4117.263368
2490.9 -485.5 2124.5 4129.895810
2490.9 -485.5 -3241.2 -1235.759096
2490.9 -485.5 8562.8 10568.153456
2490.9 -485.5 8374.2 10379.599122
2490.9 -485.5 2277.1 4282.508933
2490.9 -485.5 9704.4 11709.753567
2490.9 -485.5 1110.1 3115.470953
2490.9 -485.5 11910.5 13915.921008
2490.9 -485.5 -2158.2 -152.837753
2490.9 -485.5 -3723.3 -1717.910447
2490.9 -485.5 1830.7 3836.077502
2490.9 -485.5 10508.5 12513.935011
2490.9 -485.5 2196.5 4201.902792
2490.9 2727.4 11998.3 17216.583293
2490.9 2727.4 -2643.9 2574.340320
2490.9 2727.4 10921.5 16139.709629
2490.9 2727.4 -3155.0 2063.196042
2490.9 2727.4 -1127.3 4090.905156
2490.9 2727.4 -2904.2 2314.058805
2490.9 2727.4 2111.9 7330.111053
2490.9 2727.4 2124.5 7342.743496
2490.9 2727.4 -3241.2 1977.088590
2490.9 2727.4 8562.8 13781.001142
2490.9 2727.4 8374.2 13592.446807
2490.9 2727.4 2277.1 7495.356619
2490.9 2727.4 9704.4 14922.601253
2490.9 2727.4 1110.1 6328.318638
2490.9 2727.4 11910.5 17128.768694
2490.9 2727.4 -2158.2 3060.009933
2490.9 2727.4 -3723.3 1494.937238
2490.9 2727.4 1830.7 7048.925187
2490.9 2727.4 10508.5 15726.782697
2490.9 2727.4 2196.5 7414.750477
2490.9 5379.4 11998.3 19868.628636
2490.9 5379.4 -2643.9 5226.385663
2490.9 5379.4 10921.5 18791.754973
2490.9 5379.4 -3155.0 4715.241385
2490.9 5379.4 -1127.3 6742.950500
2490.9 5379.4 -2904.2 4966.104149
2490.9 5379.4 2111.9 9982.156397
2490.9 5379.4 2124.5 9994.788839
2490.9 5379.4 -3241.2 4629.133933
2490.9 5379.4 8562.8 16433.046485
2490.9 5379.4 8374.2 16244.492151
2490.9 5379.4 2277.1 10147.401962
2490.9 5379.4 9704.4 17574.646597
2490.9 5379.4 1110.1 8980.363982
2490.9 5379.4 11910.5 19780.814037
2490.9 5379.4 -2158.2 5712.055276
2490.9 5379.4 -3723.3 4146.982582
2490.9 5379.4 1830.7 9700.970531
2490.9 5379.4 10508.5 18378.828040
2490.9 5379.4 2196.5 10066.795821
2490.9 -3670.9 11998.3 10818.303407
2490.9 -3670.9 -2643.9 -3823.939566
2490.9 -3670.9 10921.5 9741.429743
2490.9 -3670.9 -3155.0 -4335.083844
2490.9 -3670.9 -1127.3 -2307.374729
2490.9 -3670.9 -2904.2 -4084.221080
2490.9 -3670.9 2111.9 931.831167
2490.9 -3670.9 2124.5 944.463610
2490.9 -3670.9 -3241.2 -4421.191296
2490.9 -3670.9 8562.8 7382.721256
2490.9 -3670.9 8374.2 7194.166922
2490.9 -3670.9 2277.1 1097.076733
2490.9 -3670.9 9704.4 8524.321367
2490.9 -3670.9 1110.1 -69.961248
2490.9 -3670.9 11910.5 10730.488808
2490.9 -3670.9 -2158.2 -3338.269953
2490.9 -3670.9 -3723.3 -4903.342647
2490.9 -3670.9 1830.7 650.645301
2490.9 -3670.9 10508.5 9328.502811
2490.9 -3670.9 2196.5 1016.470592
2490.9 1821.8 11998.3 16310.987290
2490.9 1821.8 -2643.9 1668.744318
2490.9 1821.8 10921.5 15234.113627
2490.9 1821.8 -3155.0 1157.600040
2490.9 1821.8 -1127.3 3185.309154
2490.9 1821.8 -2904.2 1408.462803
2490.9 1821.8 2111.9 6424.515051
2490.9 1821.8 2124.5 6437.147494
2490.9 1821.8 -3241.2 1071.492588
2490.9 1821.8 8562.8 12875.405139
2490.9 1821.8 8374.2 12686.850805
2490.9 1821.8 2277.1 6589.760616
2490.9 1821.8 9704.4 14017.005251
2490.9 1821.8 1110.1 5422.722636
2490.9 1821.8 11910.5 16223.172691
2490.9 1821.8 -2158.2 2154.413930
2490.9 1821.8 -3723.3 589.341236
2490.9 1821.8 1830.7 6143.329185
2490.9 1821.8 10508.5 14821.186694
2490.9 1821.8 2196.5 6509.154475
2490.9 6584.0 11998.3 21073.199870
2490.9 6584.0 -2643.9 6430.956897
2490.9 6584.0 10921.5 19996.326207
2490.9 6584.0 -3155.0 5919.812619
2490.9 6584.0 -1127.3 7947.521734
2490.9 6584.0 -2904.2 6170.675383
2490.9 6584.0 2111.9 11186.727631
2490.9 6584.0 2124.5 11199.360073
2490.9 6584.0 -3241.2 5833.705167
2490.9 6584.0 8562.8 17637.617719
2490.9 6584.0 8374.2 17449.063385
2490.9 6584.0 2277.1 11351.973196
2490.9 6584.0 9704.4 18779.217831
2490.9 6584.0 1110.1 10184.935216
2490.9 6584.0 11910.5 20985.385271
2490.9 6584.0 -2158.2 6916.626510
2490.9 6584.0 -3723.3 5351.553816
2490.9 6584.0 1830.7 10905.541765
2490.9 6584.0 10508.5 19583.399274
2490.9 6584.0 2196.5 11271.367055
2490.9 843.6 11998.3 15332.828908
2490.9 843.6 -2643.9 690.585935
2490.9 843.6 10921.5 14255.955244
2490.9 843.6 -3155.0 179.441657
2490.9 843.6 -1127.3 2207.150772
2490.9 843.6 -2904.2 430.304421
2490.9 843.6 2111.9 5446.356668
2490.9 843.6 2124.5 5458.989111
2490.9 843.6 -3241.2 93.334205
2490.9 843.6 8562.8 11897.246757
2490.9 843.6 8374.2 11708.692423
2490.9 843.6 2277.1 5611.602234
2490.9 843.6 9704.4 13038.846868
2490.9 843.6 1110.1 4444.564253
2490.9 843.6 11910.5 15245.014309
2490.9 843.6 -2158.2 1176.255548
2490.9 843.6 -3723.3 -388.817146
2490.9 843.6 1830.7 5165.170802
2490.9 843.6 10508.5 13843.028312
2490.9 843.6 2196.5 5530.996093
2490.9 5349.2 11998.3 19838.421248
2490.9 5349.2 -2643.9 5196.178275
2490.9 5349.2 10921.5 18761.547585
2490.9 5349.2 -3155.0 4685.033997
2490.9 5349.2 -1127.3 6712.743112
2490.9 5349.2 -2904.2 4935.896761
2490.9 5349.2 2111.9 9951.949009
2490.9 5349.2 2124.5 9964.581451
2490.9 5349.2 -3241.2 4598.926545
2490.9 5349.2 8562.8 16402.839097
2490.9 5349.2 8374.2 16214.284763
2490.9 5349.2 2277.1 10117.194574
2490.9 5349.2 9704.4 17544.439208
2490.9 5349.2 1110.1 8950.156594
2490.9 5349.2 11910.5 19750.606649
2490.9 5349.2 -2158.2 5681.847888
2490.9 5349.2 -3723.3 4116.775194
2490.9 5349.2 1830.7 9670.763143
2490.9 5349.2 10508.5 18348.620652
2490.9 5349.2 2196.5 10036.588433
2490.9 -3183.9 11998.3 11305.331940
2490.9 -3183.9 -2643.9 -3336.911033
2490.9 -3183.9 10921.5 10228.458276
2490.9 -3183.9 -3155.0 -3848.055311
2490.9 -3183.9 -1127.3 -1820.346197
2490.9 -3183.9 -2904.2 -3597.192548
2490.9 -3183.9 2111.9 1418.859700
2490.9 -3183.9 2124.5 1431.492143
2490.9 -3183.9 -3241.2 -3934.162763
2490.9 -3183.9 8562.8 7869.749788
2490.9 -3183.9 8374.2 7681.195454
2490.9 -3183.9 2277.1 1584.105266
2490.9 -3183.9 9704.4 9011.349900
2490.9 -3183.9 1110.1 417.067285
2490.9 -3183.9 11910.5 11217.517340
2490.9 -3183.9 -2158.2 -2851.241420
2490.9 -3183.9 -3723.3 -4416.314115
2490.9 -3183.9 1830.7 1137.673834
2490.9 -3183.9 10508.5 9815.531344
2490.9 -3183.9 2196.5 1503.499124
2490.9 11753.9 11998.3 26243.094783
2490.9 11753.9 -2643.9 11600.851810
2490.9 11753.9 10921.5 25166.221119
2490.9 11753.9 -3155.0 11089.707532
2490.9 11753.9 -1127.3 13117.416647
2490.9 11753.9 -2904.2 11340.570296
2490.9 11753.9 2111.9 16356.622543
2490.9 11753.9 2124.5 16369.254986
2490.9 11753.9 -3241.2 11003.600080
2490.9 11753.9 8562.8 22807.512632
2490.9 11753.9 8374.2 22618.958298
2490.9 11753.9 2277.1 16521.868109
2490.9 11753.9 9704.4 23949.112743
2490.9 11753.9 1110.1 15354.830128
2490.9 11753.9 11910.5 26155.280184
2490.9 11753.9 -2158.2 12086.521423
2490.9 11753.9 -3723.3 10521.448729
2490.9 11753.9 1830.7 16075.436677
2490.9 11753.9 10508.5 24753.294187
2490.9 11753.9 2196.5 16441.261968
2490.9 5341.0 11998.3 19830.251714
2490.9 5341.0 -2643.9 5188.008741
2490.9 5341.0 10921.5 18753.378051
2490.9 5341.0 -3155.0 4676.864463
2490.9 5341.0 -1127.3 6704.573578
2490.9 5341.0 -2904.2 4927.727227
2490.9 5341.0 2111.9 9943.779475
2490.9 5341.0 2124.5 9956.411917
2490.9 5341.0 -3241.2 4590.757011
2490.9 5341.0 8562.8 16394.669563
2490.9 5341.0 8374.2 16206.115229
2490.9 5341.0 2277.1 10109.025040
2490.9 5341.0 9704.4 17536.269674
2490.9 5341.0 1110.1 8941.987060
2490.9 5341.0 11910.5 19742.437115
2490.9 5341.0 -2158.2 5673.678354
2490.9 5341.0 -3723.3 4108.605660
2490.9 5341.0 1830.7 9662.593609
2490.9 5341.0 10508.5 18340.451118
2490.9 5341.0 2196.5 10028.418899
2490.9 11133.2 11998.3 25622.380460
2490.9 11133.2 -2643.9 10980.137487
2490.9 11133.2 10921.5 24545.506796
2490.9 11133.2 -3155.0 10468.993209
2490.9 11133.2 -1127.3 12496.702324
2490.9 11133.2 -2904.2 10719.855973
2490.9 11133.2 2111.9 15735.908220
2490.9 11133.2 2124.5 15748.540663
2490.9 11133.2 -3241.2 10382.885757
2490.9 11133.2 8562.8 22186.798309
2490.9 11133.2 8374.2 21998.243975
2490.9 11133.2 2277.1 15901.153786
2490.9 11133.2 9704.4 23328.398420
2490.9 11133.2 1110.1 14734.115805
2490.9 11133.2 11910.5 25534.565861
2490.9 11133.2 -2158.2 11465.807100
2490.9 11133.2 -3723.3 9900.734406
2490.9 11133.2 1830.7 15454.722354
2490.9 11133.2 10508.5 24132.579864
2490.9 11133.2 2196.5 15820.547645
2490.9 7090.2 11998.3 21579.440649
2490.9 7090.2 -2643.9 6937.197676
2490.9 7090.2 10921.5 20502.566985
2490.9 7090.2 -3155.0 6426.053398
2490.9 7090.2 -1127.3 8453.762512
2490.9 7090.2 -2904.2 6676.916161
2490.9 7090.2 2111.9 11692.968409
2490.9 7090.2 2124.5 11705.600852
2490.9 7090.2 -3241.2 6339.945946
2490.9 7090.2 8562.8 18143.858497
2490.9 7090.2 8374.2 17955.304163
2490.9 7090.2 2277.1 11858.213974
2490.9 7090.2 9704.4 19285.458609
2490.9 7090.2 1110.1 10691.175994
2490.9 7090.2 11910.5 21491.626049
2490.9 7090.2 -2158.2 7422.867289
2490.9 7090.2 -3723.3 5857.794594
2490.9 7090.2 1830.7 11411.782543
2490.9 7090.2 10508.5 20089.640053
2490.9 7090.2 2196.5 11777.607833
2490.9 -3852.4 11998.3 10636.803040
2490.9 -3852.4 -2643.9 -4005.439933
2490.9 -3852.4 10921.5 9559.929376
2490.9 -3852.4 -3155.0 -4516.584211
2490.9 -3852.4 -1127.3 -2488.875097
2490.9 -3852.4 -2904.2 -4265.721448
2490.9 -3852.4 2111.9 750.330800
2490.9 -3852.4 2124.5 762.963243
2490.9 -3852.4 -3241.2 -4602.691663
2490.9 -3852.4 8562.8 7201.220888
2490.9 -3852.4 8374.2 7012.666554
2490.9 -3852.4 2277.1 915.576365
2490.9 -3852.4 9704.4 8342.821000
2490.9 -3852.4 1110.1 -251.461615
2490.9 -3852.4 11910.5 10548.988440
2490.9 -3852.4 -2158.2 -3519.770320
2490.9 -3852.4 -3723.3 -5084.843015
2490.9 -3852.4 1830.7 469.144934
2490.9 -3852.4 10508.5 9147.002444
2490.9 -3852.4 2196.5 834.970224
2490.9 -1698.7 11998.3 12790.511068
2490.9 -1698.7 -2643.9 -1851.731904
2490.9 -1698.7 10921.5 11713.637405
2490.9 -1698.7 -3155.0 -2362.876182
2490.9 -1698.7 -1127.3 -335.167068
2490.9 -1698.7 -2904.2 -2112.013419
2490.9 -1698.7 2111.9 2904.038829
2490.9 -1698.7 2124.5 2916.671272
2490.9 -1698.7 -3241.2 -2448.983634
2490.9 -1698.7 8562.8 9354.928917
2490.9 -1698.7 8374.2 9166.374583
2490.9 -1698.7 2277.1 3069.284394
2490.9 -1698.7 9704.4 10496.529029
2490.9 -1698.7 1110.1 1902.246414
2490.9 -1698.7 11910.5 12702.696469
2490.9 -1698.7 -2158.2 -1366.062292
2490.9 -1698.7 -3723.3 -2931.134986
2490.9 -1698.7 1830.7 2622.852963
2490.9 -1698.7 10508.5 11300.710472
2490.9 -1698.7 2196.5 2988.678253
2490.9 7190.4 11998.3 21679.654499
2490.9 7190.4 -2643.9 7037.411526
2490.9 7190.4 10921.5 20602.780836
2490.9 7190.4 -3155.0 6526.267249
2490.9 7190.4 -1127.3 8553.976363
2490.9 7190.4 -2904.2 6777.130012
2490.9 7190.4 2111.9 11793.182260
2490.9 7190.4 2124.5 11805.814702
2490.9 7190.4 -3241.2 6440.159797
2490.9 7190.4 8562.8 18244.072348
2490.9 7190.4 8374.2 18055.518014
2490.9 7190.4 2277.1 11958.427825
2490.9 7190.4 9704.4 19385.672460
2490.9 7190.4 1110.1 10791.389845
2490.9 7190.4 11910.5 21591.839900
2490.9 7190.4 -2158.2 7523.081139
2490.9 7190.4 -3723.3 5958.008445
2490.9 7190.4 1830.7 11511.996394
2490.9 7190.4 10508.5 20189.853903
2490.9 7190.4 2196.5 11877.821684
2490.9 1523.8 11998.3 16012.972449
2490.9 1523.8 -2643.9 1370.729476
2490.9 1523.8 10921.5 14936.098785
2490.9 1523.8 -3155.0 859.585198
2490.9 1523.8 -1127.3 2887.294313
2490.9 1523.8 -2904.2 1110.447962
2490.9 1523.8 2111.9 6126.500209
2490.9 1523.8 2124.5 6139.132652
2490.9 1523.8 -3241.2 773.477746
2490.9 1523.8 8562.8 12577.390298
2490.9 1523.8 8374.2 12388.835964
2490.9 1523.8 2277.1 6291.745775
2490.9 1523.8 9704.4 13718.990409
2490.9 1523.8 1110.1 5124.707794
2490.9 1523.8 11910.5 15925.157850
2490.9 1523.8 -2158.2 1856.399089
2490.9 1523.8 -3723.3 291.326395
2490.9 1523.8 1830.7 5845.314343
2490.9 1523.8 10508.5 14523.171853
2490.9 1523.8 2196.5 6211.139634
2490.9 4729.7 11998.3 19218.946516
2490.9 4729.7 -2643.9 4576.703543
2490.9 4729.7 10921.5 18142.072852
2490.9 4729.7 -3155.0 4065.559265
2490.9 4729.7 -1127.3 6093.268380
2490.9 4729.7 -2904.2 4316.422029
2490.9 4729.7 2111.9 9332.474276
2490.9 4729.7 2124.5 9345.106719
2490.9 4729.7 -3241.2 3979.451813
2490.9 4729.7 8562.8 15783.364365
2490.9 4729.7 8374.2 15594.810031
2490.9 4729.7 2277.1 9497.719842
2490.9 4729.7 9704.4 16924.964476
2490.9 4729.7 1110.1 8330.681862
2490.9 4729.7 11910.5 19131.131917
2490.9 4729.7 -2158.2 5062.373156
2490.9 4729.7 -3723.3 3497.300462
2490.9 4729.7 1830.7 9051.288410
2490.9 4729.7 10508.5 17729.145920
2490.9 4729.7 2196.5 9417.113701
2490.9 4018.6 11998.3 18507.836051
2490.9 4018.6 -2643.9 3865.593078
2490.9 4018.6 10921.5 17430.962387
2490.9 4018.6 -3155.0 3354.448800
2490.9 4018.6 -1127.3 5382.157914
2490.9 4018.6 -2904.2 3605.311563
2490.9 4018.6 2111.9 8621.363811
2490.9 4018.6 2124.5 8633.996254
2490.9 4018.6 -3241.2 3268.341348
2490.9 4018.6 8562.8 15072.253899
2490.9 4018.6 8374.2 14883.699565
2490.9 4018.6 2277.1 8786.609377
2490.9 4018.6 9704.4 16213.854011
2490.9 4018.6 1110.1 7619.571396
2490.9 4018.6 11910.5 18420.021451
2490.9 4018.6 -2158.2 4351.262691
2490.9 4018.6 -3723.3 2786.189996
2490.9 4018.6 1830.7 8340.177945
2490.9 4018.6 10508.5 17018.035455
2490.9 4018.6 2196.5 8706.003235
11276.4 3708.1 11998.3 26982.845791
11276.4 3708.1 -2643.9 12340.602818
11276.4 3708.1 10921.5 25905.972127
11276.4 3708.1 -3155.0 11829.458540
11276.4 3708.1 -1127.3 13857.167655
11276.4 3708.1 -2904.2 12080.321304
11276.4 3708.1 2111.9 17096.373551
11276.4 3708.1 2124.5 17109.005994
11276.4 3708.1 -3241.2 11743.351088
11276.4 3708.1 8562.8 23547.263640
11276.4 3708.1 8374.2 23358.709306
11276.4 3708.1 2277.1 17261.619117
11276.4 3708.1 9704.4 24688.863751
11276.4 3708.1 1110.1 16094.581136
11276.4 3708.1 11910.5 26895.031192
11276.4 3708.1 -2158.2 12826.272431
11276.4 3708.1 -3723.3 11261.199737
11276.4 3708.1 1830.7 16815.187685
11276.4 3708.1 10508.5 25493.045195
11276.4 3708.1 2196.5 17181.012976
11276.4 -485.5 11998.3 22789.273758
11276.4 -485.5 -2643.9 8147.030786
11276.4 -485.5 10921.5 21712.400095
11276.4 -485.5 -3155.0 7635.886508
11276.4 -485.5 -1127.3 9663.595622
11276.4 -485.5 -2904.2 7886.749271
11276.4 -485.5 2111.9 12902.801519
11276.4 -485.5 2124.5 12915.433962
11276.4 -485.5 -3241.2 7549.779056
11276.4 -485.5 8562.8 19353.691607
11276.4 -485.5 8374.2 19165.137273
11276.4 -485.5 2277.1 13068.047084
11276.4 -485.5 9704.4 20495.291719
11276.4 -485.5 1110.1 11901.009104
11276.4 -485.5 11910.5 22701.459159
11276.4 -485.5 -2158.2 8632.700398
11276.4 -485.5 -3723.3 7067.627704
11276.4 -485.5 1830.7 12621.615653
11276.4 -485.5 10508.5 21299.473162
11276.4 -485.5 2196.5 12987.440943
11276.4 2727.4 11998.3 26002.121444
11276.4 2727.4 -2643.9 11359.878471
11276.4 2727.4 10921.5 24925.247780
11276.4 2727.4 -3155.0 10848.734193
11276.4 2727.4 -1127.3 12876.443308
11276.4 2727.4 -2904.2 11099.596957
11276.4 2727.4 2111.9 16115.649204
11276.4 2727.4 2124.5 16128.281647
11276.4 2727.4 -3241.2 10762.626741
11276.4 2727.4 8562.8 22566.539293
11276.4 2727.4 8374.2 22377.984959
11276.4 2727.4 2277.1 16280.894770
11276.4 2727.4 9704.4 23708.139404
11276.4 2727.4 1110.1 15113.856789
11276.4 2727.4 11910.5 25914.306845
11276.4 2727.4 -2158.2 11845.548084
11276.4 2727.4 -3723.3 10280.475390
11276.4 2727.4 1830.7 15834.463338
11276.4 2727.4 10508.5 24512.320848
11276.4 2727.4 2196.5 16200.288629
11276.4 5379.4 11998.3 28654.166787
11276.4 5379.4 -2643.9 14011.923815
11276.4 5379.4 10921.5 27577.293124
11276.4 5379.4 -3155.0 13500.779537
11276.4 5379.4 -1127.3 15528.488651
11276.4 5379.4 -2904.2 13751.642300
11276.4 5379.4 2111.9 18767.694548
11276.4 5379.4 2124.5 18780.326991
11276.4 5379.4 -3241.2 13414.672085
11276.4 5379.4 8562.8 25218.584636
11276.4 5379.4 8374.2 25030.030302
11276.4 5379.4 2277.1 18932.940113
11276.4 5379.4 9704.4 26360.184748
11276.4 5379.4 1110.1 17765.902133
11276.4 5379.4 11910.5 28566.352188
11276.4 5379.4 -2158.2 14497.593427
11276.4 5379.4 -3723.3 12932.520733
11276.4 5379.4 1830.7 18486.508682
11276.4 5379.4 10508.5 27164.366191
11276.4 5379.4 2196.5 18852.333972
11276.4 -3670.9 11998.3 19603.841558
11276.4 -3670.9 -2643.9 4961.598585
11276.4 -3670.9 10921.5 18526.967895
11276.4 -3670.9 -3155.0 4450.454307
11276.4 -3670.9 -1127.3 6478.163422
11276.4 -3670.9 -2904.2 4701.317071
11276.4 -3670.9 2111.9 9717.369319
11276.4 -3670.9 2124.5 9730.001761
11276.4 -3670.9 -3241.2 4364.346855
11276.4 -3670.9 8562.8 16168.259407
11276.4 -3670.9 8374.2 15979.705073
11276.4 -3670.9 2277.1 9882.614884
11276.4 -3670.9 9704.4 17309.859519
11276.4 -3670.9 1110.1 8715.576904
11276.4 -3670.9 11910.5 19516.026959
11276.4 -3670.9 -2158.2 5447.268198
11276.4 -3670.9 -3723.3 3882.195504
11276.4 -3670.9 1830.7 9436.183453
11276.4 -3670.9 10508.5 18114.040962
11276.4 -3670.9 2196.5 9802.008743
11276.4 1821.8 11998.3 25096.525442
11276.4 1821.8 -2643.9 10454.282469
11276.4 1821.8 10921.5 24019.651778
11276.4 1821.8 -3155.0 9943.138191
11276.4 1821.8 -1127.3 11970.847305
11276.4 1821.8 -2904.2 10194.000954
11276.4 1821.8 2111.9 15210.053202
11276.4 1821.8 2124.5 15222.685645
11276.4 1821.8 -3241.2 9857.030739
11276.4 1821.8 8562.8 21660.943290
11276.4 1821.8 8374.2 21472.388956
11276.4 1821.8 2277.1 15375.298767
11276.4 1821.8 9704.4 22802.543402
11276.4 1821.8 1110.1 14208.260787
11276.4 1821.8 11910.5 25008.710842
11276.4 1821.8 -2158.2 10939.952082
11276.4 1821.8 -3723.3 9374.879387
11276.4 1821.8 1830.7 14928.867336
11276.4 1821.8 10508.5 23606.724846
11276.4 1821.8 2196.5 15294.692626
11276.4 6584.0 11998.3 29858.738021
11276.4 6584.0 -2643.9 15216.495049
11276.4 6584.0 10921.5 28781.864358
11276.4 6584.0 -3155.0 14705.350771
11276.4 6584.0 -1127.3 16733.059885
11276.4 6584.0 -2904.2 14956.213534
11276.4 6584.0 2111.9 19972.265782
11276.4 6584.0 2124.5 19984.898225
11276.4 6584.0 -3241.2 14619.243319
11276.4 6584.0 8562.8 26423.155870
11276.4 6584.0 8374.2 26234.601536
11276.4 6584.0 2277.1 20137.511347
11276.4 6584.0 9704.4 27564.755982
11276.4 6584.0 1110.1 18970.473367
11276.4 6584.0 11910.5 29770.923422
11276.4 6584.0 -2158.2 15702.164661
11276.4 6584.0 -3723.3 14137.091967
11276.4 6584.0 1830.7 19691.079916
11276.4 6584.0 10508.5 28368.937425
11276.4 6584.0 2196.5 20056.905206
11276.4 843.6 11998.3 24118.367059
11276.4 843.6 -2643.9 9476.124086
11276.4 843.6 10921.5 23041.493396
11276.4 843.6 -3155.0 8964.979808
11276.4 843.6 -1127.3 10992.688923
11276.4 843.6 -2904.2 9215.842572
11276.4 843.6 2111.9 14231.894820
11276.4 843.6 2124.5 14244.527262
11276.4 843.6 -3241.2 8878.872356
11276.4 843.6 8562.8 20682.784908
11276.4 843.6 8374.2 20494.230574
11276.4 843.6 2277.1 14397.140385
11276.4 843.6 9704.4 21824.385019
11276.4 843.6 1110.1 13230.102405
11276.4 843.6 11910.5 24030.552460
11276.4 843.6 -2158.2 9961.793699
11276.4 843.6 -3723.3 8396.721005
11276.4 843.6 1830.7 13950.708954
11276.4 843.6 10508.5 22628.566463
11276.4 843.6 2196.5 14316.534244
11276.4 5349.2 11998.3 28623.959399
11276.4 5349.2 -2643.9 13981.716426
11276.4 5349.2 10921.5 27547.085736
11276.4 5349.2 -3155.0 13470.572149
11276.4 5349.2 -1127.3 15498.281263
11276.4 5349.2 -2904.2 13721.434912
11276.4 5349.2 2111.9 18737.487160
11276.4 5349.2 2124.5 18750.119602
11276.4 5349.2 -3241.2 13384.464697
11276.4 5349.2 8562.8 25188.377248
11276.4 5349.2 8374.2 24999.822914
11276.4 5349.2 2277.1 18902.732725
11276.4 5349.2 9704.4 26329.977360
11276.4 5349.2 1110.1 17735.694745
11276.4 5349.2 11910.5 28536.144800
11276.4 5349.2 -2158.2 14467.386039
11276.4 5349.2 -3723.3 12902.313345
11276.4 5349.2 1830.7 18456.301294
11276.4 5349.2 10508.5 27134.158803
11276.4 5349.2 2196.5 18822.126584
11276.4 -3183.9 11998.3 20090.870091
11276.4 -3183.9 -2643.9 5448.627118
11276.4 -3183.9 10921.5 19013.996427
11276.4 -3183.9 -3155.0 4937.482840
11276.4 -3183.9 -1127.3 6965.191954
11276.4 -3183.9 -2904.2 5188.345603
11276.4 -3183.9 2111.9 10204.397851
11276.4 -3183.9 2124.5 10217.030294
11276.4 -3183.9 -3241.2 4851.375388
11276.4 -3183.9 8562.8 16655.287940
11276.4 -3183.9 8374.2 16466.733606
11276.4 -3183.9 2277.1 10369.643417
11276.4 -3183.9 9704.4 17796.888051
11276.4 -3183.9 1110.1 9202.605436
11276.4 -3183.9 11910.5 20003.055492
11276.4 -3183.9 -2158.2 5934.296731
11276.4 -3183.9 -3723.3 4369.224037
11276.4 -3183.9 1830.7 9923.211985
11276.4 -3183.9 10508.5 18601.069495
11276.4 -3183.9 2196.5 10289.037276
11276.4 11753.9 11998.3 35028.632934
11276.4 11753.9 -2643.9 20386.389961
11276.4 11753.9 10921.5 33951.759271
11276.4 11753.9 -3155.0 19875.245683
11276.4 11753.9 -1127.3 21902.954798
11276.4 11753.9 -2904.2 20126.108447
11276.4 11753.9 2111.9 25142.160695
11276.4 11753.9 2124.5 25154.793137
11276.4 11753.9 -3241.2 19789.138231
11276.4 11753.9 8562.8 31593.050783
11276.4 11753.9 8374.2 31404.496449
11276.4 11753.9 2277.1 25307.406260
11276.4 11753.9 9704.4 32734.650895
11276.4 11753.9 1110.1 24140.368280
11276.4 11753.9 11910.5 34940.818335
11276.4 11753.9 -2158.2 20872.059574
11276.4 11753.9 -3723.3 19306.986880
11276.4 11753.9 1830.7 24860.974829
11276.4 11753.9 10508.5 33538.832338
11276.4 11753.9 2196.5 25226.800119
11276.4 5341.0 11998.3 28615.789865
11276.4 5341.0 -2643.9 13973.546892
11276.4 5341.0 10921.5 27538.916202
11276.4 5341.0 -3155.0 13462.402615
11276.4 5341.0 -1127.3 15490.111729
11276.4 5341.0 -2904.2 13713.265378
11276.4 5341.0 2111.9 18729.317626
11276.4 5341.0 2124.5 18741.950068
11276.4 5341.0 -3241.2 13376.295163
11276.4 5341.0 8562.8 25180.207714
11276.4 5341.0 8374.2 24991.653380
11276.4 5341.0 2277.1 18894.563191
11276.4 5341.0 9704.4 26321.807826
11276.4 5341.0 1110.1 17727.525211
11276.4 5341.0 11910.5 28527.975266
11276.4 5341.0 -2158.2 14459.216505
11276.4 5341.0 -3723.3 12894.143811
11276.4 5341.0 1830.7 18448.131760
11276.4 5341.0 10508.5 27125.989269
11276.4 5341.0 2196.5 18813.957050
11276.4 11133.2 11998.3 34407.918611
11276.4 11133.2 -2643.9 19765.675638
11276.4 11133.2 10921.5 33331.044948
11276.4 11133.2 -3155.0 19254.531360
11276.4 11133.2 -1127.3 21282.240475
11276.4 11133.2 -2904.2 19505.394124
11276.4 11133.2 2111.9 24521.446372
11276.4 11133.2 2124.5 24534.078814
11276.4 11133.2 -3241.2 19168.423908
11276.4 11133.2 8562.8 30972.336460
11276.4 11133.2 8374.2 30783.782126
11276.4 11133.2 2277.1 24686.691937
11276.4 11133.2 9704.4 32113.936572
11276.4 11133.2 1110.1 23519.653957
11276.4 11133.2 11910.5 34320.104012
11276.4 11133.2 -2158.2 20251.345251
11276.4 11133.2 -3723.3 18686.272557
11276.4 11133.2 1830.7 24240.260506
11276.4 11133.2 10508.5 32918.118015
11276.4 11133.2 2196.5 24606.085796
11276.4 7090.2 11998.3 30364.978800
11276.4 7090.2 -2643.9 15722.735827
11276.4 7090.2 10921.5 29288.105136
11276.4 7090.2 -3155.0 15211.591549
11276.4 7090.2 -1127.3 17239.300663
11276.4 7090.2 -2904.2 15462.454312
11276.4 7090.2 2111.9 20478.506560
11276.4 7090.2 2124.5 20491.139003
11276.4 7090.2 -3241.2 15125.484097
11276.4 7090.2 8562.8 26929.396649
11276.4 7090.2 8374.2 26740.842315
11276.4 7090.2 2277.1 20643.752126
11276.4 7090.2 9704.4 28070.996760
11276.4 7090.2 1110.1 19476.714145
11276.4 7090.2 11910.5 30277.164201
11276.4 7090.2 -2158.2 16208.405440
11276.4 7090.2 -3723.3 14643.332746
11276.4 7090.2 1830.7 20197.320694
11276.4 7090.2 10508.5 28875.178204
11276.4 7090.2 2196.5 20563.145984
11276.4 -3852.4 11998.3 19422.341191
11276.4 -3852.4 -2643.9 4780.098218
11276.4 -3852.4 10921.5 18345.467527
11276.4 -3852.4 -3155.0 4268.953940
11276.4 -3852.4 -1127.3 6296.663054
11276.4 -3852.4 -2904.2 4519.816703
11276.4 -3852.4 2111.9 9535.868951
11276.4 -3852.4 2124.5 9548.501394
11276.4 -3852.4 -3241.2 4182.846488
11276.4 -3852.4 8562.8 15986.759040
11276.4 -3852.4 8374.2 15798.204705
11276.4 -3852.4 2277.1 9701.114517
11276.4 -3852.4 9704.4 17128.359151
11276.4 -3852.4 1110.1 8534.076536
11276.4 -3852.4 11910.5 19334.526592
11276.4 -3852.4 -2158.2 5265.767831
11276.4 -3852.4 -3723.3 3700.695137
11276.4 -3852.4 1830.7 9254.683085
11276.4 -3852.4 10508.5 17932.540595
11276.4 -3852.4 2196.5 9620.508375
11276.4 -1698.7 11998.3 21576.049220
11276.4 -1698.7 -2643.9 6933.806247
11276.4 -1698.7 10921.5 20499.175556
11276.4 -1698.7 -3155.0 6422.661969
11276.4 -1698.7 -1127.3 8450.371083
11276.4 -1698.7 -2904.2 6673.524732
11276.4 -1698.7 2111.9 11689.576980
11276.4 -1698.7 2124.5 11702.209423
11276.4 -1698.7 -3241.2 6336.554517
11276.4 -1698.7 8562.8 18140.467068
11276.4 -1698.7 8374.2 17951.912734
11276.4 -1698.7 2277.1 11854.822545
11276.4 -1698.7 9704.4 19282.067180
11276.4 -1698.7 1110.1 10687.784565
11276.4 -1698.7 11910.5 21488.234620
11276.4 -1698.7 -2158.2 7419.475860
11276.4 -1698.7 -3723.3 5854.403165
11276.4 -1698.7 1830.7 11408.391114
11276.4 -1698.7 10508.5 20086.248624
11276.4 -1698.7 2196.5 11774.216404
11276.4 7190.4 11998.3 30465.192651
11276.4 7190.4 -2643.9 15822.949678
11276.4 7190.4 10921.5 29388.318987
11276.4 7190.4 -3155.0 15311.805400
11276.4 7190.4 -1127.3 17339.514514
11276.4 7190.4 -2904.2 15562.668163
11276.4 7190.4 2111.9 20578.720411
11276.4 7190.4 2124.5 20591.352854
11276.4 7190.4 -3241.2 15225.697948
11276.4 7190.4 8562.8 27029.610499
11276.4 7190.4 8374.2 26841.056165
11276.4 7190.4 2277.1 20743.965976
11276.4 7190.4 9704.4 28171.210611
11276.4 7190.4 1110.1 19576.927996
11276.4 7190.4 11910.5 30377.378051
11276.4 7190.4 -2158.2 16308.619291
11276.4 7190.4 -3723.3 14743.546596
11276.4 7190.4 1830.7 20297.534545
11276.4 7190.4 10508.5 28975.392055
11276.4 7190.4 2196.5 20663.359835
11276.4 1523.8 11998.3 24798.510600
11276.4 1523.8 -2643.9 10156.267627
11276.4 1523.8 10921.5 23721.636937
11276.4 1523.8 -3155.0 9645.123349
11276.4 1523.8 -1127.3 11672.832464
11276.4 1523.8 -2904.2 9895.986113
11276.4 1523.8 2111.9 14912.038361
11276.4 1523.8 2124.5 14924.670803
11276.4 1523.8 -3241.2 9559.015897
11276.4 1523.8 8562.8 21362.928449
11276.4 1523.8 8374.2 21174.374115
11276.4 1523.8 2277.1 15077.283926
11276.4 1523.8 9704.4 22504.528560
11276.4 1523.8 1110.1 13910.245946
11276.4 1523.8 11910.5 24710.696001
11276.4 1523.8 -2158.2 10641.937240
11276.4 1523.8 -3723.3 9076.864546
11276.4 1523.8 1830.7 14630.852495
11276.4 1523.8 10508.5 23308.710004
11276.4 1523.8 2196.5 14996.677785
11276.4 4729.7 11998.3 28004.484667
11276.4 4729.7 -2643.9 13362.241694
11276.4 4729.7 10921.5 26927.611004
11276.4 4729.7 -3155.0 12851.097417
11276.4 4729.7 -1127.3 14878.806531
11276.4 4729.7 -2904.2 13101.960180
11276.4 4729.7 2111.9 18118.012428
11276.4 4729.7 2124.5 18130.644870
11276.4 4729.7 -3241.2 12764.989965
11276.4 4729.7 8562.8 24568.902516
11276.4 4729.7 8374.2 24380.348182
11276.4 4729.7 2277.1 18283.257993
11276.4 4729.7 9704.4 25710.502628
11276.4 4729.7 1110.1 17116.220013
11276.4 4729.7 11910.5 27916.670068
11276.4 4729.7 -2158.2 13847.911307
11276.4 4729.7 -3723.3 12282.838613
11276.4 4729.7 1830.7 17836.826562
11276.4 4729.7 10508.5 26514.684071
11276.4 4729.7 2196.5 18202.651852
11276.4 4018.6 11998.3 27293.374202
11276.4 4018.6 -2643.9 12651.131229
11276.4 4018.6 10921.5 26216.500538
11276.4 4018.6 -3155.0 12139.986951
11276.4 4018.6 -1127.3 14167.696066
11276.4 4018.6 -2904.2 12390.849715
11276.4 4018.6 2111.9 17406.901962
11276.4 4018.6 2124.5 17419.534405
11276.4 4018.6 -3241.2 12053.879499
11276.4 4018.6 8562.8 23857.792051
11276.4 4018.6 8374.2 23669.237717
11276.4 4018.6 2277.1 17572.147528
11276.4 4018.6 9704.4 24999.392162
11276.4 4018.6 1110.1 16405.109547
11276.4 4018.6 11910.5 27205.559603
11276.4 4018.6 -2158.2 13136.800842
11276.4 4018.6 -3723.3 11571.728148
11276.4 4018.6 1830.7 17125.716096
11276.4 4018.6 10508.5 25803.573606
11276.4 4018.6 2196.5 17491.541387
11262.7 3708.1 11998.3 26969.094045
11262.7 3708.1 -2643.9 12326.851072
11262.7 3708.1 10921.5 25892.220382
11262.7 3708.1 -3155.0 11815.706795
11262.7 3708.1 -1127.3 13843.415909
11262.7 3708.1 -2904.2 12066.569558
11262.7 3708.1 2111.9 17082.621806
11262.7 3708.1 2124.5 17095.254248
11262.7 3708.1 -3241.2 11729.599343
11262.7 3708.1 8562.8 23533.511894
11262.7 3708.1 8374.2 23344.957560
11262.7 3708.1 2277.1 17247.867371
11262.7 3708.1 9704.4 24675.112006
11262.7 3708.1 1110.1 16080.829391
11262.7 3708.1 11910.5 26881.279446
11262.7 3708.1 -2158.2 12812.520685
11262.7 3708.1 -3723.3 11247.447991
11262.7 3708.1 1830.7 16801.435940
11262.7 3708.1 10508.5 25479.293449
11262.7 3708.1 2196.5 17167.261230
11262.7 -485.5 11998.3 22775.522013
11262.7 -485.5 -2643.9 8133.279040
11262.7 -485.5 10921.5 21698.648349
11262.7 -485.5 -3155.0 7622.134762
11262.7 -485.5 -1127.3 9649.843876
11262.7 -485.5 -2904.2 7872.997525
11262.7 -485.5 2111.9 12889.049773
11262.7 -485.5 2124.5 12901.682216
11262.7 -485.5 -3241.2 7536.027310
11262.7 -485.5 8562.8 19339.939861
11262.7 -485.5 8374.2 19151.385527
11262.7 -485.5 2277.1 13054.295339
11262.7 -485.5 9704.4 20481.539973
11262.7 -485.5 1110.1 11887.257358
11262.7 -485.5 11910.5 22687.707413
11262.7 -485.5 -2158.2 8618.948653
11262.7 -485.5 -3723.3 7053.875958
11262.7 -485.5 1830.7 12607.863907
11262.7 -485.5 10508.5 21285.721417
11262.7 -485.5 2196.5 12973.689197
11262.7 2727.4 11998.3 25988.369698
11262.7 2727.4 -2643.9 11346.126725
11262.7 2727.4 10921.5 24911.496035
11262.7 2727.4 -3155.0 10834.982447
11262.7 2727.4 -1127.3 12862.691562
11262.7 2727.4 -2904.2 11085.845211
11262.7 2727.4 2111.9 16101.897459
11262.7 2727.4 2124.5 16114.529901
11262.7 2727.4 -3241.2 10748.874995
11262.7 2727.4 8562.8 22552.787547
11262.7 2727.4 8374.2 22364.233213
11262.7 2727.4 2277.1 16267.143024
11262.7 2727.4 9704.4 23694.387658
11262.7 2727.4 1110.1 15100.105044
11262.7 2727.4 11910.5 25900.555099
11262.7 2727.4 -2158.2 11831.796338
11262.7 2727.4 -3723.3 10266.723644
11262.7 2727.4 1830.7 15820.711593
11262.7 2727.4 10508.5 24498.569102
11262.7 2727.4 2196.5 16186.536883
11262.7 5379.4 11998.3 28640.415042
11262.7 5379.4 -2643.9 13998.172069
11262.7 5379.4 10921.5 27563.541378
11262.7 5379.4 -3155.0 13487.027791
11262.7 5379.4 -1127.3 15514.736905
11262.7 5379.4 -2904.2 13737.890554
11262.7 5379.4 2111.9 18753.942802
11262.7 5379.4 2124.5 18766.575245
11262.7 5379.4 -3241.2 13400.920339
11262.7 5379.4 8562.8 25204.832891
11262.7 5379.4 8374.2 25016.278556
11262.7 5379.4 2277.1 18919.188368
11262.7 5379.4 9704.4 26346.433002
11262.7 5379.4 1110.1 17752.150387
11262.7 5379.4 11910.5 28552.600443
11262.7 5379.4 -2158.2 14483.841682
11262.7 5379.4 -3723.3 12918.768988
11262.7 5379.4 1830.7 18472.756936
11262.7 5379.4 10508.5 27150.614446
11262.7 5379.4 2196.5 18838.582226
11262.7 -3670.9 11998.3 19590.089812
11262.7 -3670.9 -2643.9 4947.846840
11262.7 -3670.9 10921.5 18513.216149
11262.7 -3670.9 -3155.0 4436.702562
11262.7 -3670.9 -1127.3 6464.411676
11262.7 -3670.9 -2904.2 4687.565325
11262.7 -3670.9 2111.9 9703.617573
11262.7 -3670.9 2124.5 9716.250016
11262.7 -3670.9 -3241.2 4350.595110
11262.7 -3670.9 8562.8 16154.507661
11262.7 -3670.9 8374.2 15965.953327
11262.7 -3670.9 2277.1 9868.863138
11262.7 -3670.9 9704.4 17296.107773
11262.7 -3670.9 1110.1 8701.825158
11262.7 -3670.9 11910.5 19502.275213
11262.7 -3670.9 -2158.2 5433.516452
11262.7 -3670.9 -3723.3 3868.443758
11262.7 -3670.9 1830.7 9422.431707
11262.7 -3670.9 10508.5 18100.289216
11262.7 -3670.9 2196.5 9788.256997
11262.7 1821.8 11998.3 25082.773696
11262.7 1821.8 -2643.9 10440.530723
11262.7 1821.8 10921.5 24005.900032
11262.7 1821.8 -3155.0 9929.386445
11262.7 1821.8 -1127.3 11957.095560
11262.7 1821.8 -2904.2 10180.249209
11262.7 1821.8 2111.9 15196.301456
11262.7 1821.8 2124.5 15208.933899
11262.7 1821.8 -3241.2 9843.278993
11262.7 1821.8 8562.8 21647.191545
11262.7 1821.8 8374.2 21458.637211
11262.7 1821.8 2277.1 15361.547022
11262.7 1821.8 9704.4 22788.791656
11262.7 1821.8 1110.1 14194.509041
11262.7 1821.8 11910.5 24994.959097
11262.7 1821.8 -2158.2 10926.200336
11262.7 1821.8 -3723.3 9361.127642
11262.7 1821.8 1830.7 14915.115590
11262.7 1821.8 10508.5 23592.973100
11262.7 1821.8 2196.5 15280.940881
11262.7 6584.0 11998.3 29844.986276
11262.7 6584.0 -2643.9 15202.743303
11262.7 6584.0 10921.5 28768.112612
11262.7 6584.0 -3155.0 14691.599025
11262.7 6584.0 -1127.3 16719.308139
11262.7 6584.0 -2904.2 14942.461788
11262.7 6584.0 2111.9 19958.514036
11262.7 6584.0 2124.5 19971.146479
11262.7 6584.0 -3241.2 14605.491573
11262.7 6584.0 8562.8 26409.404125
11262.7 6584.0 8374.2 26220.849790
11262.7 6584.0 2277.1 20123.759602
11262.7 6584.0 9704.4 27551.004236
11262.7 6584.0 1110.1 18956.721621
11262.7 6584.0 11910.5 29757.171677
11262.7 6584.0 -2158.2 15688.412916
11262.7 6584.0 -3723.3 14123.340221
11262.7 6584.0 1830.7 19677.328170
11262.7 6584.0 10508.5 28355.185680
11262.7 6584.0 2196.5 20043.153460
11262.7 843.6 11998.3 24104.615313
11262.7 843.6 -2643.9 9462.372341
11262.7 843.6 10921.5 23027.741650
11262.7 843.6 -3155.0 8951.228063
11262.7 843.6 -1127.3 10978.937177
11262.7 843.6 -2904.2 9202.090826
11262.7 843.6 2111.9 14218.143074
11262.7 843.6 2124.5 14230.775517
11262.7 843.6 -3241.2 8865.120611
11262.7 843.6 8562.8 20669.033162
11262.7 843.6 8374.2 20480.478828
11262.7 843.6 2277.1 14383.388639
11262.7 843.6 9704.4 21810.633274
11262.7 843.6 1110.1 13216.350659
11262.7 843.6 11910.5 24016.800714
11262.7 843.6 -2158.2 9948.041953
11262.7 843.6 -3723.3 8382.969259
11262.7 843.6 1830.7 13936.957208
11262.7 843.6 10508.5 22614.814717
11262.7 843.6 2196.5 14302.782498
11262.7 5349.2 11998.3 28610.207654
11262.7 5349.2 -2643.9 13967.964681
11262.7 5349.2 10921.5 27533.333990
11262.7 5349.2 -3155.0 13456.820403
11262.7 5349.2 -1127.3 15484.529517
11262.7 5349.2 -2904.2 13707.683166
11262.7 5349.2 2111.9 18723.735414
11262.7 5349.2 2124.5 18736.367857
11262.7 5349.2 -3241.2 13370.712951
11262.7 5349.2 8562.8 25174.625502
11262.7 5349.2 8374.2 24986.071168
11262.7 5349.2 2277.1 18888.980979
11262.7 5349.2 9704.4 26316.225614
11262.7 5349.2 1110.1 17721.942999
11262.7 5349.2 11910.5 28522.393054
11262.7 5349.2 -2158.2 14453.634294
11262.7 5349.2 -3723.3 12888.561599
11262.7 5349.2 1830.7 18442.549548
11262.7 5349.2 10508.5 27120.407058
11262.7 5349.2 2196.5 18808.374838
11262.7 -3183.9 11998.3 20077.118345
11262.7 -3183.9 -2643.9 5434.875372
11262.7 -3183.9 10921.5 19000.244682
11262.7 -3183.9 -3155.0 4923.731094
11262.7 -3183.9 -1127.3 6951.440209
11262.7 -3183.9 -2904.2 5174.593858
11262.7 -3183.9 2111.9 10190.646106
11262.7 -3183.9 2124.5 10203.278548
11262.7 -3183.9 -3241.2 4837.623642
11262.7 -3183.9 8562.8 16641.536194
11262.7 -3183.9 8374.2 16452.981860
11262.7 -3183.9 2277.1 10355.891671
11262.7 -3183.9 9704.4 17783.136305
11262.7 -3183.9 1110.1 9188.853691
11262.7 -3183.9 11910.5 19989.303746
11262.7 -3183.9 -2158.2 5920.544985
11262.7 -3183.9 -3723.3 4355.472291
11262.7 -3183.9 1830.7 9909.460240
11262.7 -3183.9 10508.5 18587.317749
11262.7 -3183.9 2196.5 10275.285530
11262.7 11753.9 11998.3 35014.881189
11262.7 11753.9 -2643.9 20372.638216
11262.7 11753.9 10921.5 33938.007525
11262.7 11753.9 -3155.0 19861.493938
11262.7 11753.9 -1127.3 21889.203052
11262.7 11753.9 -2904.2 20112.356701
11262.7 11753.9 2111.9 25128.408949
11262.7 11753.9 2124.5 25141.041392
11262.7 11753.9 -3241.2 19775.386486
11262.7 11753.9 8562.8 31579.299037
11262.7 11753.9 8374.2 31390.744703
11262.7 11753.9 2277.1 25293.654514
11262.7 11753.9 9704.4 32720.899149
11262.7 11753.9 1110.1 24126.616534
11262.7 11753.9 11910.5 34927.066589
11262.7 11753.9 -2158.2 20858.307829
11262.7 11753.9 -3723.3 19293.235134
11262.7 11753.9 1830.7 24847.223083
11262.7 11753.9 10508.5 33525.080593
11262.7 11753.9 2196.5 25213.048373
11262.7 5341.0 11998.3 28602.038120
11262.7 5341.0 -2643.9 13959.795147
11262.7 5341.0 10921.5 27525.164456
11262.7 5341.0 -3155.0 13448.650869
11262.7 5341.0 -1127.3 15476.359983
11262.7 5341.0 -2904.2 13699.513632
11262.7 5341.0 2111.9 18715.565880
11262.7 5341.0 2124.5 18728.198323
11262.7 5341.0 -3241.2 13362.543417
11262.7 5341.0 8562.8 25166.455968
11262.7 5341.0 8374.2 24977.901634
11262.7 5341.0 2277.1 18880.811445
11262.7 5341.0 9704.4 26308.056080
11262.7 5341.0 1110.1 17713.773465
11262.7 5341.0 11910.5 28514.223520
11262.7 5341.0 -2158.2 14445.464760
11262.7 5341.0 -3723.3 12880.392065
11262.7 5341.0 1830.7 18434.380014
11262.7 5341.0 10508.5 27112.237524
11262.7 5341.0 2196.5 18800.205304
11262.7 11133.2 11998.3 34394.166866
11262.7 11133.2 -2643.9 19751.923893
11262.7 11133.2 10921.5 33317.293202
11262.7 11133.2 -3155.0 19240.779615
11262.7 11133.2 -1127.3 21268.488729
11262.7 11133.2 -2904.2 19491.642378
11262.7 11133.2 2111.9 24507.694626
11262.7 11133.2 2124.5 24520.327069
11262.7 11133.2 -3241.2 19154.672163
11262.7 11133.2 8562.8 30958.584714
11262.7 11133.2 8374.2 30770.030380
11262.7 11133.2 2277.1 24672.940191
11262.7 11133.2 9704.4 32100.184826
11262.7 11133.2 1110.1 23505.902211
11262.7 11133.2 11910.5 34306.352266
11262.7 11133.2 -2158.2 20237.593506
11262.7 11133.2 -3723.3 18672.520811
11262.7 11133.2 1830.7 24226.508760
11262.7 11133.2 10508.5 32904.366270
11262.7 11133.2 2196.5 24592.334050
11262.7 7090.2 11998.3 30351.227054
11262.7 7090.2 -2643.9 15708.984081
11262.7 7090.2 10921.5 29274.353390
11262.7 7090.2 -3155.0 15197.839803
11262.7 7090.2 -1127.3 17225.548918
11262.7 7090.2 -2904.2 15448.702567
11262.7 7090.2 2111.9 20464.754814
11262.7 7090.2 2124.5 20477.387257
11262.7 7090.2 -3241.2 15111.732351
11262.7 7090.2 8562.8 26915.644903
11262.7 7090.2 8374.2 26727.090569
11262.7 7090.2 2277.1 20630.000380
11262.7 7090.2 9704.4 28057.245014
11262.7 7090.2 1110.1 19462.962399
11262.7 7090.2 11910.5 30263.412455
11262.7 7090.2 -2158.2 16194.653694
11262.7 7090.2 -3723.3 14629.581000
11262.7 7090.2 1830.7 20183.568948
11262.7 7090.2 10508.5 28861.426458
11262.7 7090.2 2196.5 20549.394239
11262.7 -3852.4 11998.3 19408.589445
11262.7 -3852.4 -2643.9 4766.346472
11262.7 -3852.4 10921.5 18331.715781
11262.7 -3852.4 -3155.0 4255.202194
11262.7 -3852.4 -1127.3 6282.911309
11262.7 -3852.4 -2904.2 4506.064958
11262.7 -3852.4 2111.9 9522.117205
11262.7 -3852.4 2124.5 9534.749648
11262.7 -3852.4 -3241.2 4169.094742
11262.7 -3852.4 8562.8 15973.007294
11262.7 -3852.4 8374.2 15784.452960
11262.7 -3852.4 2277.1 9687.362771
11262.7 -3852.4 9704.4 17114.607405
11262.7 -3852.4 1110.1 8520.324790
11262.7 -3852.4 11910.5 19320.774846
11262.7 -3852.4 -2158.2 5252.016085
11262.7 -3852.4 -3723.3 3686.943391
11262.7 -3852.4 1830.7 9240.931339
11262.7 -3852.4 10508.5 17918.788849
11262.7 -3852.4 2196.5 9606.756630
11262.7 -1698.7 11998.3 21562.297474
11262.7 -1698.7 -2643.9 6920.054501
11262.7 -1698.7 10921.5 20485.423810
11262.7 -1698.7 -3155.0 6408.910223
11262.7 -1698.7 -1127.3 8436.619338
11262.7 -1698.7 -2904.2 6659.772987
11262.7 -1698.7 2111.9 11675.825234
11262.7 -1698.7 2124.5 11688.457677
11262.7 -1698.7 -3241.2 6322.802771
11262.7 -1698.7 8562.8 18126.715323
11262.7 -1698.7 8374.2 17938.160989
11262.7 -1698.7 2277.1 11841.070800
11262.7 -1698.7 9704.4 19268.315434
11262.7 -1698.7 1110.1 10674.032819
11262.7 -1698.7 11910.5 21474.482875
11262.7 -1698.7 -2158.2 7405.724114
11262.7 -1698.7 -3723.3 5840.651420
11262.7 -1698.7 1830.7 11394.639368
11262.7 -1698.7 10508.5 20072.496878
11262.7 -1698.7 2196.5 11760.464659
11262.7 7190.4 11998.3 30451.440905
11262.7 7190.4 -2643.9 15809.197932
11262.7 7190.4 10921.5 29374.567241
11262.7 7190.4 -3155.0 15298.053654
11262.7 7190.4 -1127.3 17325.762768
11262.7 7190.4 -2904.2 15548.916417
11262.7 7190.4 2111.9 20564.968665
11262.7 7190.4 2124.5 20577.601108
11262.7 7190.4 -3241.2 15211.946202
11262.7 7190.4 8562.8 27015.858754
11262.7 7190.4 8374.2 26827.304420
11262.7 7190.4 2277.1 20730.214231
11262.7 7190.4 9704.4 28157.458865
11262.7 7190.4 1110.1 19563.176250
11262.7 7190.4 11910.5 30363.626306
11262.7 7190.4 -2158.2 16294.867545
11262.7 7190.4 -3723.3 14729.794851
11262.7 7190.4 1830.7 20283.782799
11262.7 7190.4 10508.5 28961.640309
11262.7 7190.4 2196.5 20649.608090
11262.7 1523.8 11998.3 24784.758854
11262.7 1523.8 -2643.9 10142.515882
11262.7 1523.8 10921.5 23707.885191
11262.7 1523.8 -3155.0 9631.371604
11262.7 1523.8 -1127.3 11659.080718
11262.7 1523.8 -2904.2 9882.234367
11262.7 1523.8 2111.9 14898.286615
11262.7 1523.8 2124.5 14910.919058
11262.7 1523.8 -3241.2 9545.264152
11262.7 1523.8 8562.8 21349.176703
11262.7 1523.8 8374.2 21160.622369
11262.7 1523.8 2277.1 15063.532180
11262.7 1523.8 9704.4 22490.776815
11262.7 1523.8 1110.1 13896.494200
11262.7 1523.8 11910.5 24696.944255
11262.7 1523.8 -2158.2 10628.185494
11262.7 1523.8 -3723.3 9063.112800
11262.7 1523.8 1830.7 14617.100749
11262.7 1523.8 10508.5 23294.958258
11262.7 1523.8 2196.5 14982.926039
11262.7 4729.7 11998.3 27990.732922
11262.7 4729.7 -2643.9 13348.489949
11262.7 4729.7 10921.5 26913.859258
11262.7 4729.7 -3155.0 12837.345671
11262.7 4729.7 -1127.3 14865.054785
11262.7 4729.7 -2904.2 13088.208434
11262.7 4729.7 2111.9 18104.260682
11262.7 4729.7 2124.5 18116.893125
11262.7 4729.7 -3241.2 12751.238219
11262.7 4729.7 8562.8 24555.150770
11262.7 4729.7 8374.2 24366.596436
11262.7 4729.7 2277.1 18269.506247
11262.7 4729.7 9704.4 25696.750882
11262.7 4729.7 1110.1 17102.468267
11262.7 4729.7 11910.5 27902.918322
11262.7 4729.7 -2158.2 13834.159562
11262.7 4729.7 -3723.3 12269.086867
11262.7 4729.7 1830.7 17823.074816
11262.7 4729.7 10508.5 26500.932326
11262.7 4729.7 2196.5 18188.900106
11262.7 4018.6 11998.3 27279.622456
11262.7 4018.6 -2643.9 12637.379483
11262.7 4018.6 10921.5 26202.748793
11262.7 4018.6 -3155.0 12126.235205
11262.7 4018.6 -1127.3 14153.944320
11262.7 4018.6 -2904.2 12377.097969
11262.7 4018.6 2111.9 17393.150217
11262.7 4018.6 2124.5 17405.782659
11262.7 4018.6 -3241.2 12040.127753
11262.7 4018.6 8562.8 23844.040305
11262.7 4018.6 8374.2 23655.485971
11262.7 4018.6 2277.1 17558.395782
11262.7 4018.6 9704.4 24985.640416
11262.7 4018.6 1110.1 16391.357802
11262.7 4018.6 11910.5 27191.807857
11262.7 4018.6 -2158.2 13123.049096
11262.7 4018.6 -3723.3 11557.976402
11262.7 4018.6 1830.7 17111.964351
11262.7 4018.6 10508.5 25789.821860
11262.7 4018.6 2196.5 17477.789641
4027.0 3708.1 11998.3 19733.398899
4027.0 3708.1 -2643.9 5091.155926
4027.0 3708.1 10921.5 18656.525235
4027.0 3708.1 -3155.0 4580.011648
4027.0 3708.1 -1127.3 6607.720762
4027.0 3708.1 -2904.2 4830.874411
4027.0 3708.1 2111.9 9846.926659
4027.0 3708.1 2124.5 9859.559102
4027.0 3708.1 -3241.2 4493.904196
4027.0 3708.1 8562.8 16297.816747
4027.0 3708.1 8374.2 16109.262413
4027.0 3708.1 2277.1 10012.172225
4027.0 3708.1 9704.4 17439.416859
4027.0 3708.1 1110.1 8845.134244
4027.0 3708.1 11910.5 19645.584299
4027.0 3708.1 -2158.2 5576.825539
4027.0 3708.1 -3723.3 4011.752844
4027.0 3708.1 1830.7 9565.740793
4027.0 3708.1 10508.5 18243.598303
4027.0 3708.1 2196.5 9931.566083
4027.0 -485.5 11998.3 15539.826866
4027.0 -485.5 -2643.9 897.583893
4027.0 -485.5 10921.5 14462.953202
4027.0 -485.5 -3155.0 386.439615
4027.0 -485.5 -1127.3 2414.148730
4027.0 -485.5 -2904.2 637.302379
4027.0 -485.5 2111.9 5653.354626
4027.0 -485.5 2124.5 5665.987069
4027.0 -485.5 -3241.2 300.332163
4027.0 -485.5 8562.8 12104.244715
4027.0 -485.5 8374.2 11915.690381
4027.0 -485.5 2277.1 5818.600192
4027.0 -485.5 9704.4 13245.844826
4027.0 -485.5 1110.1 4651.562211
4027.0 -485.5 11910.5 15452.012267
4027.0 -485.5 -2158.2 1383.253506
4027.0 -485.5 -3723.3 -181.819188
4027.0 -485.5 1830.7 5372.168760
4027.0 -485.5 10508.5 14050.026270
4027.0 -485.5 2196.5 5737.994051
4027.0 2727.4 11998.3 18752.674552
4027.0 2727.4 -2643.9 4110.431579
4027.0 2727.4 10921.5 17675.800888
4027.0 2727.4 -3155.0 3599.287301
4027.0 2727.4 -1127.3 5626.996415
4027.0 2727.4 -2904.2 3850.150064
4027.0 2727.4 2111.9 8866.202312
4027.0 2727.4 2124.5 8878.834755
4027.0 2727.4 -3241.2 3513.179849
4027.0 2727.4 8562.8 15317.092400
4027.0 2727.4 8374.2 15128.538066
4027.0 2727.4 2277.1 9031.447877
4027.0 2727.4 9704.4 16458.692512
4027.0 2727.4 1110.1 7864.409897
4027.0 2727.4 11910.5 18664.859952
4027.0 2727.4 -2158.2 4596.101192
4027.0 2727.4 -3723.3 3031.028497
4027.0 2727.4 1830.7 8585.016446
4027.0 2727.4 10508.5 17262.873956
4027.0 2727.4 2196.5 8950.841736
4027.0 5379.4 11998.3 21404.719895
4027.0 5379.4 -2643.9 6762.476922
4027.0 5379.4 10921.5 20327.846231
4027.0 5379.4 -3155.0 6251.332644
4027.0 5379.4 -1127.3 8279.041759
4027.0 5379.4 -2904.2 6502.195408
4027.0 5379.4 2111.9 11518.247655
4027.0 5379.4 2124.5 11530.880098
4027.0 5379.4 -3241.2 6165.225192
4027.0 5379.4 8562.8 17969.137744
4027.0 5379.4 8374.2 17780.583410
4027.0 5379.4 2277.1 11683.493221
4027.0 5379.4 9704.4 19110.737855
4027.0 5379.4 1110.1 10516.455241
4027.0 5379.4 11910.5 21316.905296
4027.0 5379.4 -2158.2 7248.146535
4027.0 5379.4 -3723.3 5683.073841
4027.0 5379.4 1830.7 11237.061789
4027.0 5379.4 10508.5 19914.919299
4027.0 5379.4 2196.5 11602.887080
4027.0 -3670.9 11998.3 12354.394666
4027.0 -3670.9 -2643.9 -2287.848307
4027.0 -3670.9 10921.5 11277.521002
4027.0 -3670.9 -3155.0 -2798.992585
4027.0 -3670.9 -1127.3 -771.283471
4027.0 -3670.9 -2904.2 -2548.129822
4027.0 -3670.9 2111.9 2467.922426
4027.0 -3670.9 2124.5 2480.554869
4027.0 -3670.9 -3241.2 -2885.100037
4027.0 -3670.9 8562.8 8918.812515
4027.0 -3670.9 8374.2 8730.258181
4027.0 -3670.9 2277.1 2633.167992
4027.0 -3670.9 9704.4 10060.412626
4027.0 -3670.9 1110.1 1466.130011
4027.0 -3670.9 11910.5 12266.580067
4027.0 -3670.9 -2158.2 -1802.178694
4027.0 -3670.9 -3723.3 -3367.251388
4027.0 -3670.9 1830.7 2186.736560
4027.0 -3670.9 10508.5 10864.594070
4027.0 -3670.9 2196.5 2552.561851
4027.0 1821.8 11998.3 17847.078549
4027.0 1821.8 -2643.9 3204.835576
4027.0 1821.8 10921.5 16770.204886
4027.0 1821.8 -3155.0 2693.691298
4027.0 1821.8 -1127.3 4721.400413
4027.0 1821.8 -2904.2 2944.554062
4027.0 1821.8 2111.9 7960.606310
4027.0 1821.8 2124.5 7973.238752
4027.0 1821.8 -3241.2 2607.583846
4027.0 1821.8 8562.8 14411.496398
4027.0 1821.8 8374.2 14222.942064
4027.0 1821.8 2277.1 8125.851875
4027.0 1821.8 9704.4 15553.096510
4027.0 1821.8 1110.1 6958.813895
4027.0 1821.8 11910.5 17759.263950
4027.0 1821.8 -2158.2 3690.505189
4027.0 1821.8 -3723.3 2125.432495
4027.0 1821.8 1830.7 7679.420444
4027.0 1821.8 10508.5 16357.277953
4027.0 1821.8 2196.5 8045.245734
4027.0 6584.0 11998.3 22609.291129
4027.0 6584.0 -2643.9 7967.048156
4027.0 6584.0 10921.5 21532.417465
4027.0 6584.0 -3155.0 7455.903878
4027.0 6584.0 -1127.3 9483.612993
4027.0 6584.0 -2904.2 7706.766642
4027.0 6584.0 2111.9 12722.818889
4027.0 6584.0 2124.5 12735.451332
4027.0 6584.0 -3241.2 7369.796426
4027.0 6584.0 8562.8 19173.708978
4027.0 6584.0 8374.2 18985.154644
4027.0 6584.0 2277.1 12888.064455
4027.0 6584.0 9704.4 20315.309089
4027.0 6584.0 1110.1 11721.026474
4027.0 6584.0 11910.5 22521.476530
4027.0 6584.0 -2158.2 8452.717769
4027.0 6584.0 -3723.3 6887.645075
4027.0 6584.0 1830.7 12441.633023
4027.0 6584.0 10508.5 21119.490533
4027.0 6584.0 2196.5 12807.458314
4027.0 843.6 11998.3 16868.920167
4027.0 843.6 -2643.9 2226.677194
4027.0 843.6 10921.5 15792.046503
4027.0 843.6 -3155.0 1715.532916
4027.0 843.6 -1127.3 3743.242030
4027.0 843.6 -2904.2 1966.395679
4027.0 843.6 2111.9 6982.447927
4027.0 843.6 2124.5 6995.080370
4027.0 843.6 -3241.2 1629.425464
4027.0 843.6 8562.8 13433.338016
4027.0 843.6 8374.2 13244.783681
4027.0 843.6 2277.1 7147.693493
4027.0 843.6 9704.4 14574.938127
4027.0 843.6 1110.1 5980.655512
4027.0 843.6 11910.5 16781.105568
4027.0 843.6 -2158.2 2712.346807
4027.0 843.6 -3723.3 1147.274112
4027.0 843.6 1830.7 6701.262061
4027.0 843.6 10508.5 15379.119571
4027.0 843.6 2196.5 7067.087351
4027.0 5349.2 11998.3 21374.512507
4027.0 5349.2 -2643.9 6732.269534
4027.0 5349.2 10921.5 20297.638843
4027.0 5349.2 -3155.0 6221.125256
4027.0 5349.2 -1127.3 8248.834371
4027.0 5349.2 -2904.2 6471.988020
4027.0 5349.2 2111.9 11488.040267
4027.0 5349.2 2124.5 11500.672710
4027.0 5349.2 -3241.2 6135.017804
4027.0 5349.2 8562.8 17938.930356
4027.0 5349.2 8374.2 17750.376022
4027.0 5349.2 2277.1 11653.285833
4027.0 5349.2 9704.4 19080.530467
4027.0 5349.2 1110.1 10486.247852
4027.0 5349.2 11910.5 21286.697908
4027.0 5349.2 -2158.2 7217.939147
4027.0 5349.2 -3723.3 5652.866453
4027.0 5349.2 1830.7 11206.854401
4027.0 5349.2 10508.5 19884.711911
4027.0 5349.2 2196.5 11572.679692
4027.0 -3183.9 11998.3 12841.423198
4027.0 -3183.9 -2643.9 -1800.819774
4027.0 -3183.9 10921.5 11764.549535
4027.0 -3183.9 -3155.0 -2311.964052
4027.0 -3183.9 -1127.3 -284.254938
4027.0 -3183.9 -2904.2 -2061.101289
4027.0 -3183.9 2111.9 2954.950959
4027.0 -3183.9 2124.5 2967.583402
4027.0 -3183.9 -3241.2 -2398.071504
4027.0 -3183.9 8562.8 9405.841047
4027.0 -3183.9 8374.2 9217.286713
4027.0 -3183.9 2277.1 3120.196524
4027.0 -3183.9 9704.4 10547.441159
4027.0 -3183.9 1110.1 1953.158544
4027.0 -3183.9 11910.5 12753.608599
4027.0 -3183.9 -2158.2 -1315.150162
4027.0 -3183.9 -3723.3 -2880.222856
4027.0 -3183.9 1830.7 2673.765093
4027.0 -3183.9 10508.5 11351.622602
4027.0 -3183.9 2196.5 3039.590383
4027.0 11753.9 11998.3 27779.186042
4027.0 11753.9 -2643.9 13136.943069
4027.0 11753.9 10921.5 26702.312378
4027.0 11753.9 -3155.0 12625.798791
4027.0 11753.9 -1127.3 14653.507906
4027.0 11753.9 -2904.2 12876.661555
4027.0 11753.9 2111.9 17892.713802
4027.0 11753.9 2124.5 17905.346245
4027.0 11753.9 -3241.2 12539.691339
4027.0 11753.9 8562.8 24343.603891
4027.0 11753.9 8374.2 24155.049557
4027.0 11753.9 2277.1 18057.959368
4027.0 11753.9 9704.4 25485.204002
4027.0 11753.9 1110.1 16890.921387
4027.0 11753.9 11910.5 27691.371443
4027.0 11753.9 -2158.2 13622.612682
4027.0 11753.9 -3723.3 12057.539988
4027.0 11753.9 1830.7 17611.527936
4027.0 11753.9 10508.5 26289.385446
4027.0 11753.9 2196.5 17977.353227
4027.0 5341.0 11998.3 21366.342973
4027.0 5341.0 -2643.9 6724.100000
4027.0 5341.0 10921.5 20289.469309
4027.0 5341.0 -3155.0 6212.955722
4027.0 5341.0 -1127.3 8240.664837
4027.0 5341.0 -2904.2 6463.818486
4027.0 5341.0 2111.9 11479.870733
4027.0 5341.0 2124.5 11492.503176
4027.0 5341.0 -3241.2 6126.848270
4027.0 5341.0 8562.8 17930.760822
4027.0 5341.0 8374.2 17742.206488
4027.0 5341.0 2277.1 11645.116299
4027.0 5341.0 9704.4 19072.360933
4027.0 5341.0 1110.1 10478.078318
4027.0 5341.0 11910.5 21278.528374
4027.0 5341.0 -2158.2 7209.769613
4027.0 5341.0 -3723.3 5644.696919
4027.0 5341.0 1830.7 11198.684867
4027.0 5341.0 10508.5 19876.542377
4027.0 5341.0 2196.5 11564.510158
4027.0 11133.2 11998.3 27158.471719
4027.0 11133.2 -2643.9 12516.228746
4027.0 11133.2 10921.5 26081.598055
4027.0 11133.2 -3155.0 12005.084468
4027.0 11133.2 -1127.3 14032.793582
4027.0 11133.2 -2904.2 12255.947232
4027.0 11133.2 2111.9 17271.999479
4027.0 11133.2 2124.5 17284.631922
4027.0 11133.2 -3241.2 11918.977016
4027.0 11133.2 8562.8 23722.889568
4027.0 11133.2 8374.2 23534.335234
4027.0 11133.2 2277.1 17437.245045
4027.0 11133.2 9704.4 24864.489679
4027.0 11133.2 1110.1 16270.207064
4027.0 11133.2 11910.5 27070.657120
4027.0 11133.2 -2158.2 13001.898359
4027.0 11133.2 -3723.3 11436.825665
4027.0 11133.2 1830.7 16990.813613
4027.0 11133.2 10508.5 25668.671123
4027.0 11133.2 2196.5 17356.638904
4027.0 7090.2 11998.3 23115.531907
4027.0 7090.2 -2643.9 8473.288935
4027.0 7090.2 10921.5 22038.658244
4027.0 7090.2 -3155.0 7962.144657
4027.0 7090.2 -1127.3 9989.853771
4027.0 7090.2 -2904.2 8213.007420
4027.0 7090.2 2111.9 13229.059668
4027.0 7090.2 2124.5 13241.692111
4027.0 7090.2 -3241.2 7876.037205
4027.0 7090.2 8562.8 19679.949756
4027.0 7090.2 8374.2 19491.395422
4027.0 7090.2 2277.1 13394.305233
4027.0 7090.2 9704.4 20821.549868
4027.0 7090.2 1110.1 12227.267253
4027.0 7090.2 11910.5 23027.717308
4027.0 7090.2 -2158.2 8958.958547
4027.0 7090.2 -3723.3 7393.885853
4027.0 7090.2 1830.7 12947.873802
4027.0 7090.2 10508.5 21625.731311
4027.0 7090.2 2196.5 13313.699092
4027.0 -3852.4 11998.3 12172.894298
4027.0 -3852.4 -2643.9 -2469.348675
4027.0 -3852.4 10921.5 11096.020635
4027.0 -3852.4 -3155.0 -2980.492952
4027.0 -3852.4 -1127.3 -952.783838
4027.0 -3852.4 -2904.2 -2729.630189
4027.0 -3852.4 2111.9 2286.422059
4027.0 -3852.4 2124.5 2299.054501
4027.0 -3852.4 -3241.2 -3066.600404
4027.0 -3852.4 8562.8 8737.312147
4027.0 -3852.4 8374.2 8548.757813
4027.0 -3852.4 2277.1 2451.667624
4027.0 -3852.4 9704.4 9878.912259
4027.0 -3852.4 1110.1 1284.629644
4027.0 -3852.4 11910.5 12085.079699
4027.0 -3852.4 -2158.2 -1983.679062
4027.0 -3852.4 -3723.3 -3548.751756
4027.0 -3852.4 1830.7 2005.236193
4027.0 -3852.4 10508.5 10683.093702
4027.0 -3852.4 2196.5 2371.061483
4027.0 -1698.7 11998.3 14326.602327
4027.0 -1698.7 -2643.9 -315.640646
4027.0 -1698.7 10921.5 13249.728664
4027.0 -1698.7 -3155.0 -826.784924
4027.0 -1698.7 -1127.3 1200.924191
4027.0 -1698.7 -2904.2 -575.922160
4027.0 -1698.7 2111.9 4440.130088
4027.0 -1698.7 2124.5 4452.762530
4027.0 -1698.7 -3241.2 -912.892376
4027.0 -1698.7 8562.8 10891.020176
4027.0 -1698.7 8374.2 10702.465842
4027.0 -1698.7 2277.1 4605.375653
4027.0 -1698.7 9704.4 12032.620288
4027.0 -1698.7 1110.1 3438.337673
4027.0 -1698.7 11910.5 14238.787728
4027.0 -1698.7 -2158.2 170.028967
4027.0 -1698.7 -3723.3 -1395.043727
4027.0 -1698.7 1830.7 4158.944222
4027.0 -1698.7 10508.5 12836.801731
4027.0 -1698.7 2196.5 4524.769512
4027.0 7190.4 11998.3 23215.745758
4027.0 7190.4 -2643.9 8573.502785
4027.0 7190.4 10921.5 22138.872095
4027.0 7190.4 -3155.0 8062.358507
4027.0 7190.4 -1127.3 10090.067622
4027.0 7190.4 -2904.2 8313.221271
4027.0 7190.4 2111.9 13329.273519
4027.0 7190.4 2124.5 13341.905961
4027.0 7190.4 -3241.2 7976.251055
4027.0 7190.4 8562.8 19780.163607
4027.0 7190.4 8374.2 19591.609273
4027.0 7190.4 2277.1 13494.519084
4027.0 7190.4 9704.4 20921.763718
4027.0 7190.4 1110.1 12327.481104
4027.0 7190.4 11910.5 23127.931159
4027.0 7190.4 -2158.2 9059.172398
4027.0 7190.4 -3723.3 7494.099704
4027.0 7190.4 1830.7 13048.087653
4027.0 7190.4 10508.5 21725.945162
4027.0 7190.4 2196.5 13413.912943
4027.0 1523.8 11998.3 17549.063708
4027.0 1523.8 -2643.9 2906.820735
4027.0 1523.8 10921.5 16472.190044
4027.0 1523.8 -3155.0 2395.676457
4027.0 1523.8 -1127.3 4423.385571
4027.0 1523.8 -2904.2 2646.539220
4027.0 1523.8 2111.9 7662.591468
4027.0 1523.8 2124.5 7675.223911
4027.0 1523.8 -3241.2 2309.569005
4027.0 1523.8 8562.8 14113.481557
4027.0 1523.8 8374.2 13924.927222
4027.0 1523.8 2277.1 7827.837034
4027.0 1523.8 9704.4 15255.081668
4027.0 1523.8 1110.1 6660.799053
4027.0 1523.8 11910.5 17461.249109
4027.0 1523.8 -2158.2 3392.490348
4027.0 1523.8 -3723.3 1827.417653
4027.0 1523.8 1830.7 7381.405602
4027.0 1523.8 10508.5 16059.263112
4027.0 1523.8 2196.5 7747.230892
4027.0 4729.7 11998.3 20755.037775
4027.0 4729.7 -2643.9 6112.794802
4027.0 4729.7 10921.5 19678.164111
4027.0 4729.7 -3155.0 5601.650524
4027.0 4729.7 -1127.3 7629.359639
4027.0 4729.7 -2904.2 5852.513288
4027.0 4729.7 2111.9 10868.565535
4027.0 4729.7 2124.5 10881.197978
4027.0 4729.7 -3241.2 5515.543072
4027.0 4729.7 8562.8 17319.455624
4027.0 4729.7 8374.2 17130.901290
4027.0 4729.7 2277.1 11033.811101
4027.0 4729.7 9704.4 18461.055735
4027.0 4729.7 1110.1 9866.773120
4027.0 4729.7 11910.5 20667.223176
4027.0 4729.7 -2158.2 6598.464415
4027.0 4729.7 -3723.3 5033.391721
4027.0 4729.7 1830.7 10587.379669
4027.0 4729.7 10508.5 19265.237179
4027.0 4729.7 2196.5 10953.204960
4027.0 4018.6 11998.3 20043.927309
4027.0 4018.6 -2643.9 5401.684337
4027.0 4018.6 10921.5 18967.053646
4027.0 4018.6 -3155.0 4890.540059
4027.0 4018.6 -1127.3 6918.249173
4027.0 4018.6 -2904.2 5141.402822
4027.0 4018.6 2111.9 10157.455070
4027.0 4018.6 2124.5 10170.087513
4027.0 4018.6 -3241.2 4804.432607
4027.0 4018.6 8562.8 16608.345158
4027.0 4018.6 8374.2 16419.790824
4027.0 4018.6 2277.1 10322.700635
4027.0 4018.6 9704.4 17749.945270
4027.0 4018.6 1110.1 9155.662655
4027.0 4018.6 11910.5 19956.112710
4027.0 4018.6 -2158.2 5887.353949
4027.0 4018.6 -3723.3 4322.281255
4027.0 4018.6 1830.7 9876.269204
4027.0 4018.6 10508.5 18554.126713
4027.0 4018.6 2196.5 10242.094494
11101.7 3708.1 11998.3 26808.147820
11101.7 3708.1 -2643.9 12165.904848
11101.7 3708.1 10921.5 25731.274157
11101.7 3708.1 -3155.0 11654.760570
11101.7 3708.1 -1127.3 13682.469684
11101.7 3708.1 -2904.2 11905.623333
11101.7 3708.1 2111.9 16921.675581
11101.7 3708.1 2124.5 16934.308024
11101.7 3708.1 -3241.2 11568.653118
11101.7 3708.1 8562.8 23372.565669
11101.7 3708.1 8374.2 23184.011335
11101.7 3708.1 2277.1 17086.921146
11101.7 3708.1 9704.4 24514.165781
11101.7 3708.1 1110.1 15919.883166
11101.7 3708.1 11910.5 26720.333221
11101.7 3708.1 -2158.2 12651.574460
11101.7 3708.1 -3723.3 11086.501766
11101.7 3708.1 1830.7 16640.489715
11101.7 3708.1 10508.5 25318.347224
11101.7 3708.1 2196.5 17006.315005
11101.7 -485.5 11998.3 22614.575788
11101.7 -485.5 -2643.9 7972.332815
11101.7 -485.5 10921.5 21537.702124
11101.7 -485.5 -3155.0 7461.188537
11101.7 -485.5 -1127.3 9488.897651
11101.7 -485.5 -2904.2 7712.051300
11101.7 -485.5 2111.9 12728.103548
11101.7 -485.5 2124.5 12740.735991
11101.7 -485.5 -3241.2 7375.081085
11101.7 -485.5 8562.8 19178.993637
11101.7 -485.5 8374.2 18990.439303
11101.7 -485.5 2277.1 12893.349114
11101.7 -485.5 9704.4 20320.593748
11101.7 -485.5 1110.1 11726.311133
11101.7 -485.5 11910.5 22526.761189
11101.7 -485.5 -2158.2 8458.002428
11101.7 -485.5 -3723.3 6892.929734
11101.7 -485.5 1830.7 12446.917682
11101.7 -485.5 10508.5 21124.775192
11101.7 -485.5 2196.5 12812.742973
11101.7 2727.4 11998.3 25827.423473
11101.7 2727.4 -2643.9 11185.180500
11101.7 2727.4 10921.5 24750.549810
11101.7 2727.4 -3155.0 10674.036223
11101.7 2727.4 -1127.3 12701.745337
11101.7 2727.4 -2904.2 10924.898986
11101.7 2727.4 2111.9 15940.951234
11101.7 2727.4 2124.5 15953.583676
11101.7 2727.4 -3241.2 10587.928771
11101.7 2727.4 8562.8 22391.841322
11101.7 2727.4 8374.2 22203.286988
11101.7 2727.4 2277.1 16106.196799
11101.7 2727.4 9704.4 23533.441434
11101.7 2727.4 1110.1 14939.158819
11101.7 2727.4 11910.5 25739.608874
11101.7 2727.4 -2158.2 11670.850113
11101.7 2727.4 -3723.3 10105.777419
11101.7 2727.4 1830.7 15659.765368
11101.7 2727.4 10508.5 24337.622877
11101.7 2727.4 2196.5 16025.590658
11101.7 5379.4 11998.3 28479.468817
11101.7 5379.4 -2643.9 13837.225844
11101.7 5379.4 10921.5 27402.595153
11101.7 5379.4 -3155.0 13326.081566
11101.7 5379.4 -1127.3 15353.790681
11101.7 5379.4 -2904.2 13576.944330
11101.7 5379.4 2111.9 18592.996577
11101.7 5379.4 2124.5 18605.629020
11101.7 5379.4 -3241.2 13239.974114
11101.7 5379.4 8562.8 25043.886666
11101.7 5379.4 8374.2 24855.332332
11101.7 5379.4 2277.1 18758.242143
11101.7 5379.4 9704.4 26185.486777
11101.7 5379.4 1110.1 17591.204162
11101.7 5379.4 11910.5 28391.654218
11101.7 5379.4 -2158.2 14322.895457
11101.7 5379.4 -3723.3 12757.822763
11101.7 5379.4 1830.7 18311.810711
11101.7 5379.4 10508.5 26989.668221
11101.7 5379.4 2196.5 18677.636002
11101.7 -3670.9 11998.3 19429.143588
11101.7 -3670.9 -2643.9 4786.900615
11101.7 -3670.9 10921.5 18352.269924
11101.7 -3670.9 -3155.0 4275.756337
11101.7 -3670.9 -1127.3 6303.465451
11101.7 -3670.9 -2904.2 4526.619100
11101.7 -3670.9 2111.9 9542.671348
11101.7 -3670.9 2124.5 9555.303791
11101.7 -3670.9 -3241.2 4189.648885
11101.7 -3670.9 8562.8 15993.561436
11101.7 -3670.9 8374.2 15805.007102
11101.7 -3670.9 2277.1 9707.916913
11101.7 -3670.9 9704.4 17135.161548
11101.7 -3670.9 1110.1 8540.878933
11101.7 -3670.9 11910.5 19341.328988
11101.7 -3670.9 -2158.2 5272.570228
11101.7 -3670.9 -3723.3 3707.497533
11101.7 -3670.9 1830.7 9261.485482
11101.7 -3670.9 10508.5 17939.342992
11101.7 -3670.9 2196.5 9627.310772
11101.7 1821.8 11998.3 24921.827471
11101.7 1821.8 -2643.9 10279.584498
11101.7 1821.8 10921.5 23844.953807
11101.7 1821.8 -3155.0 9768.440220
11101.7 1821.8 -1127.3 11796.149335
11101.7 1821.8 -2904.2 10019.302984
11101.7 1821.8 2111.9 15035.355231
11101.7 1821.8 2124.5 15047.987674
11101.7 1821.8 -3241.2 9682.332768
11101.7 1821.8 8562.8 21486.245320
11101.7 1821.8 8374.2 21297.690986
11101.7 1821.8 2277.1 15200.600797
11101.7 1821.8 9704.4 22627.845431
11101.7 1821.8 1110.1 14033.562816
11101.7 1821.8 11910.5 24834.012872
11101.7 1821.8 -2158.2 10765.254111
11101.7 1821.8 -3723.3 9200.181417
11101.7 1821.8 1830.7 14754.169365
11101.7 1821.8 10508.5 23432.026875
11101.7 1821.8 2196.5 15119.994656
11101.7 6584.0 11998.3 29684.040051
11101.7 6584.0 -2643.9 15041.797078
11101.7 6584.0 10921.5 28607.166387
11101.7 6584.0 -3155.0 14530.652800
11101.7 6584.0 -1127.3 16558.361915
11101.7 6584.0 -2904.2 14781.515564
11101.7 6584.0 2111.9 19797.567811
11101.7 6584.0 2124.5 19810.200254
11101.7 6584.0 -3241.2 14444.545348
11101.7 6584.0 8562.8 26248.457900
11101.7 6584.0 8374.2 26059.903566
11101.7 6584.0 2277.1 19962.813377
11101.7 6584.0 9704.4 27390.058011
11101.7 6584.0 1110.1 18795.775396
11101.7 6584.0 11910.5 29596.225452
11101.7 6584.0 -2158.2 15527.466691
11101.7 6584.0 -3723.3 13962.393997
11101.7 6584.0 1830.7 19516.381945
11101.7 6584.0 10508.5 28194.239455
11101.7 6584.0 2196.5 19882.207236
11101.7 843.6 11998.3 23943.669089
11101.7 843.6 -2643.9 9301.426116
11101.7 843.6 10921.5 22866.795425
11101.7 843.6 -3155.0 8790.281838
11101.7 843.6 -1127.3 10817.990952
11101.7 843.6 -2904.2 9041.144601
11101.7 843.6 2111.9 14057.196849
11101.7 843.6 2124.5 14069.829292
11101.7 843.6 -3241.2 8704.174386
11101.7 843.6 8562.8 20508.086937
11101.7 843.6 8374.2 20319.532603
11101.7 843.6 2277.1 14222.442414
11101.7 843.6 9704.4 21649.687049
11101.7 843.6 1110.1 13055.404434
11101.7 843.6 11910.5 23855.854489
11101.7 843.6 -2158.2 9787.095729
11101.7 843.6 -3723.3 8222.023034
11101.7 843.6 1830.7 13776.010983
11101.7 843.6 10508.5 22453.868493
11101.7 843.6 2196.5 14141.836273
11101.7 5349.2 11998.3 28449.261429
11101.7 5349.2 -2643.9 13807.018456
11101.7 5349.2 10921.5 27372.387765
11101.7 5349.2 -3155.0 13295.874178
11101.7 5349.2 -1127.3 15323.583292
11101.7 5349.2 -2904.2 13546.736941
11101.7 5349.2 2111.9 18562.789189
11101.7 5349.2 2124.5 18575.421632
11101.7 5349.2 -3241.2 13209.766726
11101.7 5349.2 8562.8 25013.679278
11101.7 5349.2 8374.2 24825.124943
11101.7 5349.2 2277.1 18728.034755
11101.7 5349.2 9704.4 26155.279389
11101.7 5349.2 1110.1 17560.996774
11101.7 5349.2 11910.5 28361.446830
11101.7 5349.2 -2158.2 14292.688069
11101.7 5349.2 -3723.3 12727.615374
11101.7 5349.2 1830.7 18281.603323
11101.7 5349.2 10508.5 26959.460833
11101.7 5349.2 2196.5 18647.428613
11101.7 -3183.9 11998.3 19916.172120
11101.7 -3183.9 -2643.9 5273.929147
11101.7 -3183.9 10921.5 18839.298457
11101.7 -3183.9 -3155.0 4762.784869
11101.7 -3183.9 -1127.3 6790.493984
11101.7 -3183.9 -2904.2 5013.647633
11101.7 -3183.9 2111.9 10029.699881
11101.7 -3183.9 2124.5 10042.332323
11101.7 -3183.9 -3241.2 4676.677417
11101.7 -3183.9 8562.8 16480.589969
11101.7 -3183.9 8374.2 16292.035635
11101.7 -3183.9 2277.1 10194.945446
11101.7 -3183.9 9704.4 17622.190081
11101.7 -3183.9 1110.1 9027.907466
11101.7 -3183.9 11910.5 19828.357521
11101.7 -3183.9 -2158.2 5759.598760
11101.7 -3183.9 -3723.3 4194.526066
11101.7 -3183.9 1830.7 9748.514015
11101.7 -3183.9 10508.5 18426.371524
11101.7 -3183.9 2196.5 10114.339305
11101.7 11753.9 11998.3 34853.934964
11101.7 11753.9 -2643.9 20211.691991
11101.7 11753.9 10921.5 33777.061300
11101.7 11753.9 -3155.0 19700.547713
11101.7 11753.9 -1127.3 21728.256827
11101.7 11753.9 -2904.2 19951.410476
11101.7 11753.9 2111.9 24967.462724
11101.7 11753.9 2124.5 24980.095167
11101.7 11753.9 -3241.2 19614.440261
11101.7 11753.9 8562.8 31418.352812
11101.7 11753.9 8374.2 31229.798478
11101.7 11753.9 2277.1 25132.708290
11101.7 11753.9 9704.4 32559.952924
11101.7 11753.9 1110.1 23965.670309
11101.7 11753.9 11910.5 34766.120365
11101.7 11753.9 -2158.2 20697.361604
11101.7 11753.9 -3723.3 19132.288909
11101.7 11753.9 1830.7 24686.276858
11101.7 11753.9 10508.5 33364.134368
11101.7 11753.9 2196.5 25052.102148
11101.7 5341.0 11998.3 28441.091895
11101.7 5341.0 -2643.9 13798.848922
11101.7 5341.0 10921.5 27364.218231
11101.7 5341.0 -3155.0 13287.704644
11101.7 5341.0 -1127.3 15315.413758
11101.7 5341.0 -2904.2 13538.567407
11101.7 5341.0 2111.9 18554.619655
11101.7 5341.0 2124.5 18567.252098
11101.7 5341.0 -3241.2 13201.597192
11101.7 5341.0 8562.8 25005.509744
11101.7 5341.0 8374.2 24816.955410
11101.7 5341.0 2277.1 18719.865221
11101.7 5341.0 9704.4 26147.109855
11101.7 5341.0 1110.1 17552.827240
11101.7 5341.0 11910.5 28353.277296
11101.7 5341.0 -2158.2 14284.518535
11101.7 5341.0 -3723.3 12719.445841
11101.7 5341.0 1830.7 18273.433789
11101.7 5341.0 10508.5 26951.291299
11101.7 5341.0 2196.5 18639.259079
11101.7 11133.2 11998.3 34233.220641
11101.7 11133.2 -2643.9 19590.977668
11101.7 11133.2 10921.5 33156.346977
11101.7 11133.2 -3155.0 19079.833390
11101.7 11133.2 -1127.3 21107.542504
11101.7 11133.2 -2904.2 19330.696153
11101.7 11133.2 2111.9 24346.748401
11101.7 11133.2 2124.5 24359.380844
11101.7 11133.2 -3241.2 18993.725938
11101.7 11133.2 8562.8 30797.638489
11101.7 11133.2 8374.2 30609.084155
11101.7 11133.2 2277.1 24511.993967
11101.7 11133.2 9704.4 31939.238601
11101.7 11133.2 1110.1 23344.955986
11101.7 11133.2 11910.5 34145.406041
11101.7 11133.2 -2158.2 20076.647281
11101.7 11133.2 -3723.3 18511.574586
11101.7 11133.2 1830.7 24065.562535
11101.7 11133.2 10508.5 32743.420045
11101.7 11133.2 2196.5 24431.387825
11101.7 7090.2 11998.3 30190.280829
11101.7 7090.2 -2643.9 15548.037856
11101.7 7090.2 10921.5 29113.407166
11101.7 7090.2 -3155.0 15036.893578
11101.7 7090.2 -1127.3 17064.602693
11101.7 7090.2 -2904.2 15287.756342
11101.7 7090.2 2111.9 20303.808590
11101.7 7090.2 2124.5 20316.441032
11101.7 7090.2 -3241.2 14950.786126
11101.7 7090.2 8562.8 26754.698678
11101.7 7090.2 8374.2 26566.144344
11101.7 7090.2 2277.1 20469.054155
11101.7 7090.2 9704.4 27896.298790
11101.7 7090.2 1110.1 19302.016175
11101.7 7090.2 11910.5 30102.466230
11101.7 7090.2 -2158.2 16033.707469
11101.7 7090.2 -3723.3 14468.634775
11101.7 7090.2 1830.7 20022.622724
11101.7 7090.2 10508.5 28700.480233
11101.7 7090.2 2196.5 20388.448014
11101.7 -3852.4 11998.3 19247.643220
11101.7 -3852.4 -2643.9 4605.400247
11101.7 -3852.4 10921.5 18170.769557
11101.7 -3852.4 -3155.0 4094.255969
11101.7 -3852.4 -1127.3 6121.965084
11101.7 -3852.4 -2904.2 4345.118733
11101.7 -3852.4 2111.9 9361.170981
11101.7 -3852.4 2124.5 9373.803423
11101.7 -3852.4 -3241.2 4008.148517
11101.7 -3852.4 8562.8 15812.061069
11101.7 -3852.4 8374.2 15623.506735
11101.7 -3852.4 2277.1 9526.416546
11101.7 -3852.4 9704.4 16953.661180
11101.7 -3852.4 1110.1 8359.378566
11101.7 -3852.4 11910.5 19159.828621
11101.7 -3852.4 -2158.2 5091.069860
11101.7 -3852.4 -3723.3 3525.997166
11101.7 -3852.4 1830.7 9079.985115
11101.7 -3852.4 10508.5 17757.842624
11101.7 -3852.4 2196.5 9445.810405
11101.7 -1698.7 11998.3 21401.351249
11101.7 -1698.7 -2643.9 6759.108276
11101.7 -1698.7 10921.5 20324.477585
11101.7 -1698.7 -3155.0 6247.963998
11101.7 -1698.7 -1127.3 8275.673113
11101.7 -1698.7 -2904.2 6498.826762
11101.7 -1698.7 2111.9 11514.879009
11101.7 -1698.7 2124.5 11527.511452
11101.7 -1698.7 -3241.2 6161.856546
11101.7 -1698.7 8562.8 17965.769098
11101.7 -1698.7 8374.2 17777.214764
11101.7 -1698.7 2277.1 11680.124575
11101.7 -1698.7 9704.4 19107.369209
11101.7 -1698.7 1110.1 10513.086594
11101.7 -1698.7 11910.5 21313.536650
11101.7 -1698.7 -2158.2 7244.777889
11101.7 -1698.7 -3723.3 5679.705195
11101.7 -1698.7 1830.7 11233.693143
11101.7 -1698.7 10508.5 19911.550653
11101.7 -1698.7 2196.5 11599.518434
11101.7 7190.4 11998.3 30290.494680
11101.7 7190.4 -2643.9 15648.251707
11101.7 7190.4 10921.5 29213.621016
11101.7 7190.4 -3155.0 15137.107429
11101.7 7190.4 -1127.3 17164.816544
11101.7 7190.4 -2904.2 15387.970193
11101.7 7190.4 2111.9 20404.022440
11101.7 7190.4 2124.5 20416.654883
11101.7 7190.4 -3241.2 15050.999977
11101.7 7190.4 8562.8 26854.912529
11101.7 7190.4 8374.2 26666.358195
11101.7 7190.4 2277.1 20569.268006
11101.7 7190.4 9704.4 27996.512640
11101.7 7190.4 1110.1 19402.230025
11101.7 7190.4 11910.5 30202.680081
11101.7 7190.4 -2158.2 16133.921320
11101.7 7190.4 -3723.3 14568.848626
11101.7 7190.4 1830.7 20122.836574
11101.7 7190.4 10508.5 28800.694084
11101.7 7190.4 2196.5 20488.661865
11101.7 1523.8 11998.3 24623.812630
11101.7 1523.8 -2643.9 9981.569657
11101.7 1523.8 10921.5 23546.938966
11101.7 1523.8 -3155.0 9470.425379
11101.7 1523.8 -1127.3 11498.134493
11101.7 1523.8 -2904.2 9721.288142
11101.7 1523.8 2111.9 14737.340390
11101.7 1523.8 2124.5 14749.972833
11101.7 1523.8 -3241.2 9384.317927
11101.7 1523.8 8562.8 21188.230478
11101.7 1523.8 8374.2 20999.676144
11101.7 1523.8 2277.1 14902.585955
11101.7 1523.8 9704.4 22329.830590
11101.7 1523.8 1110.1 13735.547975
11101.7 1523.8 11910.5 24535.998030
11101.7 1523.8 -2158.2 10467.239270
11101.7 1523.8 -3723.3 8902.166575
11101.7 1523.8 1830.7 14456.154524
11101.7 1523.8 10508.5 23134.012034
11101.7 1523.8 2196.5 14821.979814
11101.7 4729.7 11998.3 27829.786697
11101.7 4729.7 -2643.9 13187.543724
11101.7 4729.7 10921.5 26752.913033
11101.7 4729.7 -3155.0 12676.399446
11101.7 4729.7 -1127.3 14704.108560
11101.7 4729.7 -2904.2 12927.262209
11101.7 4729.7 2111.9 17943.314457
11101.7 4729.7 2124.5 17955.946900
11101.7 4729.7 -3241.2 12590.291994
11101.7 4729.7 8562.8 24394.204546
11101.7 4729.7 8374.2 24205.650211
11101.7 4729.7 2277.1 18108.560023
11101.7 4729.7 9704.4 25535.804657
11101.7 4729.7 1110.1 16941.522042
11101.7 4729.7 11910.5 27741.972098
11101.7 4729.7 -2158.2 13673.213337
11101.7 4729.7 -3723.3 12108.140642
11101.7 4729.7 1830.7 17662.128591
11101.7 4729.7 10508.5 26339.986101
11101.7 4729.7 2196.5 18027.953881
11101.7 4018.6 11998.3 27118.676231
11101.7 4018.6 -2643.9 12476.433258
11101.7 4018.6 10921.5 26041.802568
11101.7 4018.6 -3155.0 11965.288981
11101.7 4018.6 -1127.3 13992.998095
11101.7 4018.6 -2904.2 12216.151744
11101.7 4018.6 2111.9 17232.203992
11101.7 4018.6 2124.5 17244.836434
11101.7 4018.6 -3241.2 11879.181529
11101.7 4018.6 8562.8 23683.094080
11101.7 4018.6 8374.2 23494.539746
11101.7 4018.6 2277.1 17397.449557
11101.7 4018.6 9704.4 24824.694192
11101.7 4018.6 1110.1 16230.411577
11101.7 4018.6 11910.5 27030.861632
11101.7 4018.6 -2158.2 12962.102871
11101.7 4018.6 -3723.3 11397.030177
11101.7 4018.6 1830.7 16951.018126
11101.7 4018.6 10508.5 25628.875635
11101.7 4018.6 2196.5 17316.843416
8772.4 3708.1 11998.3 24478.813127
8772.4 3708.1 -2643.9 9836.570154
8772.4 3708.1 10921.5 23401.939464
8772.4 3708.1 -3155.0 9325.425877
8772.4 3708.1 -1127.3 11353.134991
8772.4 3708.1 -2904.2 9576.288640
8772.4 3708.1 2111.9 14592.340888
8772.4 3708.1 2124.5 14604.973330
8772.4 3708.1 -3241.2 9239.318425
8772.4 3708.1 8562.8 21043.230976
8772.4 3708.1 8374.2 20854.676642
8772.4 3708.1 2277.1 14757.586453
8772.4 3708.1 9704.4 22184.831088
8772.4 3708.1 1110.1 13590.548473
8772.4 3708.1 11910.5 24390.998528
8772.4 3708.1 -2158.2 10322.239767
8772.4 3708.1 -3723.3 8757.167073
8772.4 3708.1 1830.7 14311.155022
8772.4 3708.1 10508.5 22989.012531
8772.4 3708.1 2196.5 14676.980312
8772.4 -485.5 11998.3 20285.241095
8772.4 -485.5 -2643.9 5642.998122
8772.4 -485.5 10921.5 19208.367431
8772.4 -485.5 -3155.0 5131.853844
8772.4 -485.5 -1127.3 7159.562958
8772.4 -485.5 -2904.2 5382.716607
8772.4 -485.5 2111.9 10398.768855
8772.4 -485.5 2124.5 10411.401298
8772.4 -485.5 -3241.2 5045.746392
8772.4 -485.5 8562.8 16849.658943
8772.4 -485.5 8374.2 16661.104609
8772.4 -485.5 2277.1 10564.014421
8772.4 -485.5 9704.4 17991.259055
8772.4 -485.5 1110.1 9396.976440
8772.4 -485.5 11910.5 20197.426495
8772.4 -485.5 -2158.2 6128.667735
8772.4 -485.5 -3723.3 4563.595040
8772.4 -485.5 1830.7 10117.582989
8772.4 -485.5 10508.5 18795.440499
8772.4 -485.5 2196.5 10483.408279
8772.4 2727.4 11998.3 23498.088780
8772.4 2727.4 -2643.9 8855.845807
8772.4 2727.4 10921.5 22421.215117
8772.4 2727.4 -3155.0 8344.701529
8772.4 2727.4 -1127.3 10372.410644
8772.4 2727.4 -2904.2 8595.564293
8772.4 2727.4 2111.9 13611.616541
8772.4 2727.4 2124.5 13624.248983
8772.4 2727.4 -3241.2 8258.594077
8772.4 2727.4 8562.8 20062.506629
8772.4 2727.4 8374.2 19873.952295
8772.4 2727.4 2277.1 13776.862106
8772.4 2727.4 9704.4 21204.106740
8772.4 2727.4 1110.1 12609.824126
8772.4 2727.4 11910.5 23410.274181
8772.4 2727.4 -2158.2 9341.515420
8772.4 2727.4 -3723.3 7776.442726
8772.4 2727.4 1830.7 13330.430675
8772.4 2727.4 10508.5 22008.288184
8772.4 2727.4 2196.5 13696.255965
8772.4 5379.4 11998.3 26150.134124
8772.4 5379.4 -2643.9 11507.891151
8772.4 5379.4 10921.5 25073.260460
8772.4 5379.4 -3155.0 10996.746873
8772.4 5379.4 -1127.3 13024.455987
8772.4 5379.4 -2904.2 11247.609636
8772.4 5379.4 2111.9 16263.661884
8772.4 5379.4 2124.5 16276.294327
8772.4 5379.4 -3241.2 10910.639421
8772.4 5379.4 8562.8 22714.551973
8772.4 5379.4 8374.2 22525.997638
8772.4 5379.4 2277.1 16428.907450
8772.4 5379.4 9704.4 23856.152084
8772.4 5379.4 1110.1 15261.869469
8772.4 5379.4 11910.5 26062.319525
8772.4 5379.4 -2158.2 11993.560764
8772.4 5379.4 -3723.3 10428.488069
8772.4 5379.4 1830.7 15982.476018
8772.4 5379.4 10508.5 24660.333528
8772.4 5379.4 2196.5 16348.301308
8772.4 -3670.9 11998.3 17099.808894
8772.4 -3670.9 -2643.9 2457.565922
8772.4 -3670.9 10921.5 16022.935231
8772.4 -3670.9 -3155.0 1946.421644
8772.4 -3670.9 -1127.3 3974.130758
8772.4 -3670.9 -2904.2 2197.284407
8772.4 -3670.9 2111.9 7213.336655
8772.4 -3670.9 2124.5 7225.969098
8772.4 -3670.9 -3241.2 1860.314192
8772.4 -3670.9 8562.8 13664.226743
8772.4 -3670.9 8374.2 13475.672409
8772.4 -3670.9 2277.1 7378.582220
8772.4 -3670.9 9704.4 14805.826855
8772.4 -3670.9 1110.1 6211.544240
8772.4 -3670.9 11910.5 17011.994295
8772.4 -3670.9 -2158.2 2943.235534
8772.4 -3670.9 -3723.3 1378.162840
8772.4 -3670.9 1830.7 6932.150789
8772.4 -3670.9 10508.5 15610.008298
8772.4 -3670.9 2196.5 7297.976079
8772.4 1821.8 11998.3 22592.492778
8772.4 1821.8 -2643.9 7950.249805
8772.4 1821.8 10921.5 21515.619114
8772.4 1821.8 -3155.0 7439.105527
8772.4 1821.8 -1127.3 9466.814641
8772.4 1821.8 -2904.2 7689.968291
8772.4 1821.8 2111.9 12706.020538
8772.4 1821.8 2124.5 12718.652981
8772.4 1821.8 -3241.2 7352.998075
8772.4 1821.8 8562.8 19156.910627
8772.4 1821.8 8374.2 18968.356293
8772.4 1821.8 2277.1 12871.266104
8772.4 1821.8 9704.4 20298.510738
8772.4 1821.8 1110.1 11704.228123
8772.4 1821.8 11910.5 22504.678179
8772.4 1821.8 -2158.2 8435.919418
8772.4 1821.8 -3723.3 6870.846724
8772.4 1821.8 1830.7 12424.834672
8772.4 1821.8 10508.5 21102.692182
8772.4 1821.8 2196.5 12790.659963
8772.4 6584.0 11998.3 27354.705358
8772.4 6584.0 -2643.9 12712.462385
8772.4 6584.0 10921.5 26277.831694
8772.4 6584.0 -3155.0 12201.318107
8772.4 6584.0 -1127.3 14229.027221
8772.4 6584.0 -2904.2 12452.180870
8772.4 6584.0 2111.9 17468.233118
8772.4 6584.0 2124.5 17480.865561
8772.4 6584.0 -3241.2 12115.210655
8772.4 6584.0 8562.8 23919.123206
8772.4 6584.0 8374.2 23730.568872
8772.4 6584.0 2277.1 17633.478684
8772.4 6584.0 9704.4 25060.723318
8772.4 6584.0 1110.1 16466.440703
8772.4 6584.0 11910.5 27266.890759
8772.4 6584.0 -2158.2 13198.131998
8772.4 6584.0 -3723.3 11633.059303
8772.4 6584.0 1830.7 17187.047252
8772.4 6584.0 10508.5 25864.904762
8772.4 6584.0 2196.5 17552.872542
8772.4 843.6 11998.3 21614.334395
8772.4 843.6 -2643.9 6972.091423
8772.4 843.6 10921.5 20537.460732
8772.4 843.6 -3155.0 6460.947145
8772.4 843.6 -1127.3 8488.656259
8772.4 843.6 -2904.2 6711.809908
8772.4 843.6 2111.9 11727.862156
8772.4 843.6 2124.5 11740.494599
8772.4 843.6 -3241.2 6374.839693
8772.4 843.6 8562.8 18178.752244
8772.4 843.6 8374.2 17990.197910
8772.4 843.6 2277.1 11893.107721
8772.4 843.6 9704.4 19320.352356
8772.4 843.6 1110.1 10726.069741
8772.4 843.6 11910.5 21526.519796
8772.4 843.6 -2158.2 7457.761035
8772.4 843.6 -3723.3 5892.688341
8772.4 843.6 1830.7 11446.676290
8772.4 843.6 10508.5 20124.533799
8772.4 843.6 2196.5 11812.501580
8772.4 5349.2 11998.3 26119.926736
8772.4 5349.2 -2643.9 11477.683763
8772.4 5349.2 10921.5 25043.053072
8772.4 5349.2 -3155.0 10966.539485
8772.4 5349.2 -1127.3 12994.248599
8772.4 5349.2 -2904.2 11217.402248
8772.4 5349.2 2111.9 16233.454496
8772.4 5349.2 2124.5 16246.086939
8772.4 5349.2 -3241.2 10880.432033
8772.4 5349.2 8562.8 22684.344584
8772.4 5349.2 8374.2 22495.790250
8772.4 5349.2 2277.1 16398.700061
8772.4 5349.2 9704.4 23825.944696
8772.4 5349.2 1110.1 15231.662081
8772.4 5349.2 11910.5 26032.112136
8772.4 5349.2 -2158.2 11963.353376
8772.4 5349.2 -3723.3 10398.280681
8772.4 5349.2 1830.7 15952.268630
8772.4 5349.2 10508.5 24630.126140
8772.4 5349.2 2196.5 16318.093920
8772.4 -3183.9 11998.3 17586.837427
8772.4 -3183.9 -2643.9 2944.594454
8772.4 -3183.9 10921.5 16509.963763
8772.4 -3183.9 -3155.0 2433.450176
8772.4 -3183.9 -1127.3 4461.159291
8772.4 -3183.9 -2904.2 2684.312940
8772.4 -3183.9 2111.9 7700.365187
8772.4 -3183.9 2124.5 7712.997630
8772.4 -3183.9 -3241.2 2347.342724
8772.4 -3183.9 8562.8 14151.255276
8772.4 -3183.9 8374.2 13962.700942
8772.4 -3183.9 2277.1 7865.610753
8772.4 -3183.9 9704.4 15292.855387
8772.4 -3183.9 1110.1 6698.572773
8772.4 -3183.9 11910.5 17499.022828
8772.4 -3183.9 -2158.2 3430.264067
8772.4 -3183.9 -3723.3 1865.191373
8772.4 -3183.9 1830.7 7419.179321
8772.4 -3183.9 10508.5 16097.036831
8772.4 -3183.9 2196.5 7785.004612
8772.4 11753.9 11998.3 32524.600271
8772.4 11753.9 -2643.9 17882.357298
8772.4 11753.9 10921.5 31447.726607
8772.4 11753.9 -3155.0 17371.213020
8772.4 11753.9 -1127.3 19398.922134
8772.4 11753.9 -2904.2 17622.075783
8772.4 11753.9 2111.9 22638.128031
8772.4 11753.9 2124.5 22650.760474
8772.4 11753.9 -3241.2 17285.105568
8772.4 11753.9 8562.8 29089.018119
8772.4 11753.9 8374.2 28900.463785
8772.4 11753.9 2277.1 22803.373596
8772.4 11753.9 9704.4 30230.618231
8772.4 11753.9 1110.1 21636.335616
8772.4 11753.9 11910.5 32436.785671
8772.4 11753.9 -2158.2 18368.026911
8772.4 11753.9 -3723.3 16802.954216
8772.4 11753.9 1830.7 22356.942165
8772.4 11753.9 10508.5 31034.799675
8772.4 11753.9 2196.5 22722.767455
8772.4 5341.0 11998.3 26111.757202
8772.4 5341.0 -2643.9 11469.514229
8772.4 5341.0 10921.5 25034.883538
8772.4 5341.0 -3155.0 10958.369951
8772.4 5341.0 -1127.3 12986.079065
8772.4 5341.0 -2904.2 11209.232714
8772.4 5341.0 2111.9 16225.284962
8772.4 5341.0 2124.5 16237.917405
8772.4 5341.0 -3241.2 10872.262499
8772.4 5341.0 8562.8 22676.175050
8772.4 5341.0 8374.2 22487.620716
8772.4 5341.0 2277.1 16390.530527
8772.4 5341.0 9704.4 23817.775162
8772.4 5341.0 1110.1 15223.492547
8772.4 5341.0 11910.5 26023.942602
8772.4 5341.0 -2158.2 11955.183842
8772.4 5341.0 -3723.3 10390.111147
8772.4 5341.0 1830.7 15944.099096
8772.4 5341.0 10508.5 24621.956606
8772.4 5341.0 2196.5 16309.924386
8772.4 11133.2 11998.3 31903.885947
8772.4 11133.2 -2643.9 17261.642975
8772.4 11133.2 10921.5 30827.012284
8772.4 11133.2 -3155.0 16750.498697
8772.4 11133.2 -1127.3 18778.207811
8772.4 11133.2 -2904.2 17001.361460
8772.4 11133.2 2111.9 22017.413708
8772.4 11133.2 2124.5 22030.046151
8772.4 11133.2 -3241.2 16664.391245
8772.4 11133.2 8562.8 28468.303796
8772.4 11133.2 8374.2 28279.749462
8772.4 11133.2 2277.1 22182.659273
8772.4 11133.2 9704.4 29609.903908
8772.4 11133.2 1110.1 21015.621293
8772.4 11133.2 11910.5 31816.071348
8772.4 11133.2 -2158.2 17747.312587
8772.4 11133.2 -3723.3 16182.239893
8772.4 11133.2 1830.7 21736.227842
8772.4 11133.2 10508.5 30414.085352
8772.4 11133.2 2196.5 22102.053132
8772.4 7090.2 11998.3 27860.946136
8772.4 7090.2 -2643.9 13218.703163
8772.4 7090.2 10921.5 26784.072472
8772.4 7090.2 -3155.0 12707.558885
8772.4 7090.2 -1127.3 14735.268000
8772.4 7090.2 -2904.2 12958.421649
8772.4 7090.2 2111.9 17974.473896
8772.4 7090.2 2124.5 17987.106339
8772.4 7090.2 -3241.2 12621.451433
8772.4 7090.2 8562.8 24425.363985
8772.4 7090.2 8374.2 24236.809651
8772.4 7090.2 2277.1 18139.719462
8772.4 7090.2 9704.4 25566.964096
8772.4 7090.2 1110.1 16972.681481
8772.4 7090.2 11910.5 27773.131537
8772.4 7090.2 -2158.2 13704.372776
8772.4 7090.2 -3723.3 12139.300082
8772.4 7090.2 1830.7 17693.288030
8772.4 7090.2 10508.5 26371.145540
8772.4 7090.2 2196.5 18059.113321
8772.4 -3852.4 11998.3 16918.308527
8772.4 -3852.4 -2643.9 2276.065554
8772.4 -3852.4 10921.5 15841.434863
8772.4 -3852.4 -3155.0 1764.921276
8772.4 -3852.4 -1127.3 3792.630391
8772.4 -3852.4 -2904.2 2015.784040
8772.4 -3852.4 2111.9 7031.836287
8772.4 -3852.4 2124.5 7044.468730
8772.4 -3852.4 -3241.2 1678.813824
8772.4 -3852.4 8562.8 13482.726376
8772.4 -3852.4 8374.2 13294.172042
8772.4 -3852.4 2277.1 7197.081853
8772.4 -3852.4 9704.4 14624.326487
8772.4 -3852.4 1110.1 6030.043872
8772.4 -3852.4 11910.5 16830.493928
8772.4 -3852.4 -2158.2 2761.735167
8772.4 -3852.4 -3723.3 1196.662473
8772.4 -3852.4 1830.7 6750.650421
8772.4 -3852.4 10508.5 15428.507931
8772.4 -3852.4 2196.5 7116.475712
8772.4 -1698.7 11998.3 19072.016556
8772.4 -1698.7 -2643.9 4429.773583
8772.4 -1698.7 10921.5 17995.142892
8772.4 -1698.7 -3155.0 3918.629305
8772.4 -1698.7 -1127.3 5946.338419
8772.4 -1698.7 -2904.2 4169.492069
8772.4 -1698.7 2111.9 9185.544316
8772.4 -1698.7 2124.5 9198.176759
8772.4 -1698.7 -3241.2 3832.521853
8772.4 -1698.7 8562.8 15636.434405
8772.4 -1698.7 8374.2 15447.880071
8772.4 -1698.7 2277.1 9350.789882
8772.4 -1698.7 9704.4 16778.034516
8772.4 -1698.7 1110.1 8183.751901
8772.4 -1698.7 11910.5 18984.201957
8772.4 -1698.7 -2158.2 4915.443196
8772.4 -1698.7 -3723.3 3350.370502
8772.4 -1698.7 1830.7 8904.358450
8772.4 -1698.7 10508.5 17582.215960
8772.4 -1698.7 2196.5 9270.183741
8772.4 7190.4 11998.3 27961.159987
8772.4 7190.4 -2643.9 13318.917014
8772.4 7190.4 10921.5 26884.286323
8772.4 7190.4 -3155.0 12807.772736
8772.4 7190.4 -1127.3 14835.481850
8772.4 7190.4 -2904.2 13058.635499
8772.4 7190.4 2111.9 18074.687747
8772.4 7190.4 2124.5 18087.320190
8772.4 7190.4 -3241.2 12721.665284
8772.4 7190.4 8562.8 24525.577836
8772.4 7190.4 8374.2 24337.023502
8772.4 7190.4 2277.1 18239.933313
8772.4 7190.4 9704.4 25667.177947
8772.4 7190.4 1110.1 17072.895332
8772.4 7190.4 11910.5 27873.345388
8772.4 7190.4 -2158.2 13804.586627
8772.4 7190.4 -3723.3 12239.513933
8772.4 7190.4 1830.7 17793.501881
8772.4 7190.4 10508.5 26471.359391
8772.4 7190.4 2196.5 18159.327171
8772.4 1523.8 11998.3 22294.477936
8772.4 1523.8 -2643.9 7652.234963
8772.4 1523.8 10921.5 21217.604273
8772.4 1523.8 -3155.0 7141.090686
8772.4 1523.8 -1127.3 9168.799800
8772.4 1523.8 -2904.2 7391.953449
8772.4 1523.8 2111.9 12408.005697
8772.4 1523.8 2124.5 12420.638139
8772.4 1523.8 -3241.2 7054.983234
8772.4 1523.8 8562.8 18858.895785
8772.4 1523.8 8374.2 18670.341451
8772.4 1523.8 2277.1 12573.251262
8772.4 1523.8 9704.4 20000.495897
8772.4 1523.8 1110.1 11406.213282
8772.4 1523.8 11910.5 22206.663337
8772.4 1523.8 -2158.2 8137.904576
8772.4 1523.8 -3723.3 6572.831882
8772.4 1523.8 1830.7 12126.819831
8772.4 1523.8 10508.5 20804.677340
8772.4 1523.8 2196.5 12492.645121
8772.4 4729.7 11998.3 25500.452004
8772.4 4729.7 -2643.9 10858.209031
8772.4 4729.7 10921.5 24423.578340
8772.4 4729.7 -3155.0 10347.064753
8772.4 4729.7 -1127.3 12374.773867
8772.4 4729.7 -2904.2 10597.927516
8772.4 4729.7 2111.9 15613.979764
8772.4 4729.7 2124.5 15626.612207
8772.4 4729.7 -3241.2 10260.957301
8772.4 4729.7 8562.8 22064.869852
8772.4 4729.7 8374.2 21876.315518
8772.4 4729.7 2277.1 15779.225329
8772.4 4729.7 9704.4 23206.469964
8772.4 4729.7 1110.1 14612.187349
8772.4 4729.7 11910.5 25412.637404
8772.4 4729.7 -2158.2 11343.878644
8772.4 4729.7 -3723.3 9778.805949
8772.4 4729.7 1830.7 15332.793898
8772.4 4729.7 10508.5 24010.651408
8772.4 4729.7 2196.5 15698.619188
8772.4 4018.6 11998.3 24789.341538
8772.4 4018.6 -2643.9 10147.098565
8772.4 4018.6 10921.5 23712.467875
8772.4 4018.6 -3155.0 9635.954287
8772.4 4018.6 -1127.3 11663.663402
8772.4 4018.6 -2904.2 9886.817051
8772.4 4018.6 2111.9 14902.869299
8772.4 4018.6 2124.5 14915.501741
8772.4 4018.6 -3241.2 9549.846835
8772.4 4018.6 8562.8 21353.759387
8772.4 4018.6 8374.2 21165.205053
8772.4 4018.6 2277.1 15068.114864
8772.4 4018.6 9704.4 22495.359498
8772.4 4018.6 1110.1 13901.076884
8772.4 4018.6 11910.5 24701.526939
8772.4 4018.6 -2158.2 10632.768178
8772.4 4018.6 -3723.3 9067.695484
8772.4 4018.6 1830.7 14621.683433
8772.4 4018.6 10508.5 23299.540942
8772.4 4018.6 2196.5 14987.508723
6543.8 3708.1 11998.3 22250.245954
6543.8 3708.1 -2643.9 7608.002981
6543.8 3708.1 10921.5 21173.372291
6543.8 3708.1 -3155.0 7096.858703
6543.8 3708.1 -1127.3 9124.567818
6543.8 3708.1 -2904.2 7347.721467
6543.8 3708.1 2111.9 12363.773715
6543.8 3708.1 2124.5 12376.406157
6543.8 3708.1 -3241.2 7010.751251
6543.8 3708.1 8562.8 18814.663803
6543.8 3708.1 8374.2 18626.109469
6543.8 3708.1 2277.1 12529.019280
6543.8 3708.1 9704.4 19956.263915
6543.8 3708.1 1110.1 11361.981300
6543.8 3708.1 11910.5 22162.431355
6543.8 3708.1 -2158.2 8093.672594
6543.8 3708.1 -3723.3 6528.599900
6543.8 3708.1 1830.7 12082.587849
6543.8 3708.1 10508.5 20760.445358
6543.8 3708.1 2196.5 12448.413139
6543.8 -485.5 11998.3 18056.673922
6543.8 -485.5 -2643.9 3414.430949
6543.8 -485.5 10921.5 16979.800258
6543.8 -485.5 -3155.0 2903.286671
6543.8 -485.5 -1127.3 4930.995785
6543.8 -485.5 -2904.2 3154.149434
6543.8 -485.5 2111.9 8170.201682
6543.8 -485.5 2124.5 8182.834125
6543.8 -485.5 -3241.2 2817.179219
6543.8 -485.5 8562.8 14621.091770
6543.8 -485.5 8374.2 14432.537436
6543.8 -485.5 2277.1 8335.447247
6543.8 -485.5 9704.4 15762.691882
6543.8 -485.5 1110.1 7168.409267
6543.8 -485.5 11910.5 17968.859322
6543.8 -485.5 -2158.2 3900.100562
6543.8 -485.5 -3723.3 2335.027867
6543.8 -485.5 1830.7 7889.015816
6543.8 -485.5 10508.5 16566.873326
6543.8 -485.5 2196.5 8254.841106
6543.8 2727.4 11998.3 21269.521607
6543.8 2727.4 -2643.9 6627.278634
6543.8 2727.4 10921.5 20192.647943
6543.8 2727.4 -3155.0 6116.134356
6543.8 2727.4 -1127.3 8143.843471
6543.8 2727.4 -2904.2 6366.997120
6543.8 2727.4 2111.9 11383.049367
6543.8 2727.4 2124.5 11395.681810
6543.8 2727.4 -3241.2 6030.026904
6543.8 2727.4 8562.8 17833.939456
6543.8 2727.4 8374.2 17645.385122
6543.8 2727.4 2277.1 11548.294933
6543.8 2727.4 9704.4 18975.539567
6543.8 2727.4 1110.1 10381.256952
6543.8 2727.4 11910.5 21181.707008
6543.8 2727.4 -2158.2 7112.948247
6543.8 2727.4 -3723.3 5547.875553
6543.8 2727.4 1830.7 11101.863501
6543.8 2727.4 10508.5 19779.721011
6543.8 2727.4 2196.5 11467.688792
6543.8 5379.4 11998.3 23921.566951
6543.8 5379.4 -2643.9 9279.323978
6543.8 5379.4 10921.5 22844.693287
6543.8 5379.4 -3155.0 8768.179700
6543.8 5379.4 -1127.3 10795.888814
6543.8 5379.4 -2904.2 9019.042463
6543.8 5379.4 2111.9 14035.094711
6543.8 5379.4 2124.5 14047.727154
6543.8 5379.4 -3241.2 8682.072248
6543.8 5379.4 8562.8 20485.984799
6543.8 5379.4 8374.2 20297.430465
6543.8 5379.4 2277.1 14200.340276
6543.8 5379.4 9704.4 21627.584911
6543.8 5379.4 1110.1 13033.302296
6543.8 5379.4 11910.5 23833.752351
6543.8 5379.4 -2158.2 9764.993591
6543.8 5379.4 -3723.3 8199.920896
6543.8 5379.4 1830.7 13753.908845
6543.8 5379.4 10508.5 22431.766355
6543.8 5379.4 2196.5 14119.734135
6543.8 -3670.9 11998.3 14871.241721
6543.8 -3670.9 -2643.9 228.998748
6543.8 -3670.9 10921.5 13794.368058
6543.8 -3670.9 -3155.0 -282.145529
6543.8 -3670.9 -1127.3 1745.563585
6543.8 -3670.9 -2904.2 -31.282766
6543.8 -3670.9 2111.9 4984.769482
6543.8 -3670.9 2124.5 4997.401924
6543.8 -3670.9 -3241.2 -368.252981
6543.8 -3670.9 8562.8 11435.659570
6543.8 -3670.9 8374.2 11247.105236
6543.8 -3670.9 2277.1 5150.015047
6543.8 -3670.9 9704.4 12577.259682
6543.8 -3670.9 1110.1 3982.977067
6543.8 -3670.9 11910.5 14783.427122
6543.8 -3670.9 -2158.2 714.668361
6543.8 -3670.9 -3723.3 -850.404333
6543.8 -3670.9 1830.7 4703.583616
6543.8 -3670.9 10508.5 13381.441125
6543.8 -3670.9 2196.5 5069.408906
6543.8 1821.8 11998.3 20363.925605
6543.8 1821.8 -2643.9 5721.682632
6543.8 1821.8 10921.5 19287.051941
6543.8 1821.8 -3155.0 5210.538354
6543.8 1821.8 -1127.3 7238.247468
6543.8 1821.8 -2904.2 5461.401117
6543.8 1821.8 2111.9 10477.453365
6543.8 1821.8 2124.5 10490.085808
6543.8 1821.8 -3241.2 5124.430902
6543.8 1821.8 8562.8 16928.343454
6543.8 1821.8 8374.2 16739.789119
6543.8 1821.8 2277.1 10642.698931
6543.8 1821.8 9704.4 18069.943565
6543.8 1821.8 1110.1 9475.660950
6543.8 1821.8 11910.5 20276.111006
6543.8 1821.8 -2158.2 6207.352245
6543.8 1821.8 -3723.3 4642.279550
6543.8 1821.8 1830.7 10196.267499
6543.8 1821.8 10508.5 18874.125009
6543.8 1821.8 2196.5 10562.092789
6543.8 6584.0 11998.3 25126.138185
6543.8 6584.0 -2643.9 10483.895212
6543.8 6584.0 10921.5 24049.264521
6543.8 6584.0 -3155.0 9972.750934
6543.8 6584.0 -1127.3 12000.460048
6543.8 6584.0 -2904.2 10223.613697
6543.8 6584.0 2111.9 15239.665945
6543.8 6584.0 2124.5 15252.298388
6543.8 6584.0 -3241.2 9886.643482
6543.8 6584.0 8562.8 21690.556033
6543.8 6584.0 8374.2 21502.001699
6543.8 6584.0 2277.1 15404.911510
6543.8 6584.0 9704.4 22832.156145
6543.8 6584.0 1110.1 14237.873530
6543.8 6584.0 11910.5 25038.323585
6543.8 6584.0 -2158.2 10969.564825
6543.8 6584.0 -3723.3 9404.492130
6543.8 6584.0 1830.7 14958.480079
6543.8 6584.0 10508.5 23636.337589
6543.8 6584.0 2196.5 15324.305369
6543.8 843.6 11998.3 19385.767222
6543.8 843.6 -2643.9 4743.524249
6543.8 843.6 10921.5 18308.893559
6543.8 843.6 -3155.0 4232.379972
6543.8 843.6 -1127.3 6260.089086
6543.8 843.6 -2904.2 4483.242735
6543.8 843.6 2111.9 9499.294983
6543.8 843.6 2124.5 9511.927425
6543.8 843.6 -3241.2 4146.272520
6543.8 843.6 8562.8 15950.185071
6543.8 843.6 8374.2 15761.630737
6543.8 843.6 2277.1 9664.540548
6543.8 843.6 9704.4 17091.785183
6543.8 843.6 1110.1 8497.502568
6543.8 843.6 11910.5 19297.952623
6543.8 843.6 -2158.2 5229.193862
6543.8 843.6 -3723.3 3664.121168
6543.8 843.6 1830.7 9218.109117
6543.8 843.6 10508.5 17895.966626
6543.8 843.6 2196.5 9583.934407
6543.8 5349.2 11998.3 23891.359562
6543.8 5349.2 -2643.9 9249.116590
6543.8 5349.2 10921.5 22814.485899
6543.8 5349.2 -3155.0 8737.972312
6543.8 5349.2 -1127.3 10765.681426
6543.8 5349.2 -2904.2 8988.835075
6543.8 5349.2 2111.9 14004.887323
6543.8 5349.2 2124.5 14017.519766
6543.8 5349.2 -3241.2 8651.864860
6543.8 5349.2 8562.8 20455.777411
6543.8 5349.2 8374.2 20267.223077
6543.8 5349.2 2277.1 14170.132888
6543.8 5349.2 9704.4 21597.377523
6543.8 5349.2 1110.1 13003.094908
6543.8 5349.2 11910.5 23803.544963
6543.8 5349.2 -2158.2 9734.786202
6543.8 5349.2 -3723.3 8169.713508
6543.8 5349.2 1830.7 13723.701457
6543.8 5349.2 10508.5 22401.558966
6543.8 5349.2 2196.5 14089.526747
6543.8 -3183.9 11998.3 15358.270254
6543.8 -3183.9 -2643.9 716.027281
6543.8 -3183.9 10921.5 14281.396590
6543.8 -3183.9 -3155.0 204.883003
6543.8 -3183.9 -1127.3 2232.592118
6543.8 -3183.9 -2904.2 455.745767
6543.8 -3183.9 2111.9 5471.798014
6543.8 -3183.9 2124.5 5484.430457
6543.8 -3183.9 -3241.2 118.775551
6543.8 -3183.9 8562.8 11922.688103
6543.8 -3183.9 8374.2 11734.133769
6543.8 -3183.9 2277.1 5637.043580
6543.8 -3183.9 9704.4 13064.288214
6543.8 -3183.9 1110.1 4470.005599
6543.8 -3183.9 11910.5 15270.455655
6543.8 -3183.9 -2158.2 1201.696894
6543.8 -3183.9 -3723.3 -363.375800
6543.8 -3183.9 1830.7 5190.612148
6543.8 -3183.9 10508.5 13868.469658
6543.8 -3183.9 2196.5 5556.437439
6543.8 11753.9 11998.3 30296.033097
6543.8 11753.9 -2643.9 15653.790125
6543.8 11753.9 10921.5 29219.159434
6543.8 11753.9 -3155.0 15142.645847
6543.8 11753.9 -1127.3 17170.354961
6543.8 11753.9 -2904.2 15393.508610
6543.8 11753.9 2111.9 20409.560858
6543.8 11753.9 2124.5 20422.193301
6543.8 11753.9 -3241.2 15056.538395
6543.8 11753.9 8562.8 26860.450946
6543.8 11753.9 8374.2 26671.896612
6543.8 11753.9 2277.1 20574.806423
6543.8 11753.9 9704.4 28002.051058
6543.8 11753.9 1110.1 19407.768443
6543.8 11753.9 11910.5 30208.218498
6543.8 11753.9 -2158.2 16139.459737
6543.8 11753.9 -3723.3 14574.387043
6543.8 11753.9 1830.7 20128.374992
6543.8 11753.9 10508.5 28806.232501
6543.8 11753.9 2196.5 20494.200282
6543.8 5341.0 11998.3 23883.190028
6543.8 5341.0 -2643.9 9240.947056
6543.8 5341.0 10921.5 22806.316365
6543.8 5341.0 -3155.0 8729.802778
6543.8 5341.0 -1127.3 10757.511892
6543.8 5341.0 -2904.2 8980.665541
6543.8 5341.0 2111.9 13996.717789
6543.8 5341.0 2124.5 14009.350232
6543.8 5341.0 -3241.2 8643.695326
6543.8 5341.0 8562.8 20447.607877
6543.8 5341.0 8374.2 20259.053543
6543.8 5341.0 2277.1 14161.963354
6543.8 5341.0 9704.4 21589.207989
6543.8 5341.0 1110.1 12994.925374
6543.8 5341.0 11910.5 23795.375429
6543.8 5341.0 -2158.2 9726.616668
6543.8 5341.0 -3723.3 8161.543974
6543.8 5341.0 1830.7 13715.531923
6543.8 5341.0 10508.5 22393.389432
6543.8 5341.0 2196.5 14081.357213
6543.8 11133.2 11998.3 29675.318774
6543.8 11133.2 -2643.9 15033.075802
6543.8 11133.2 10921.5 28598.445111
6543.8 11133.2 -3155.0 14521.931524
6543.8 11133.2 -1127.3 16549.640638
6543.8 11133.2 -2904.2 14772.794287
6543.8 11133.2 2111.9 19788.846535
6543.8 11133.2 2124.5 19801.478978
6543.8 11133.2 -3241.2 14435.824072
6543.8 11133.2 8562.8 26239.736623
6543.8 11133.2 8374.2 26051.182289
6543.8 11133.2 2277.1 19954.092100
6543.8 11133.2 9704.4 27381.336735
6543.8 11133.2 1110.1 18787.054120
6543.8 11133.2 11910.5 29587.504175
6543.8 11133.2 -2158.2 15518.745414
6543.8 11133.2 -3723.3 13953.672720
6543.8 11133.2 1830.7 19507.660669
6543.8 11133.2 10508.5 28185.518178
6543.8 11133.2 2196.5 19873.485959
6543.8 7090.2 11998.3 25632.378963
6543.8 7090.2 -2643.9 10990.135990
6543.8 7090.2 10921.5 24555.505299
6543.8 7090.2 -3155.0 10478.991712
6543.8 7090.2 -1127.3 12506.700827
6543.8 7090.2 -2904.2 10729.854476
6543.8 7090.2 2111.9 15745.906723
6543.8 7090.2 2124.5 15758.539166
6543.8 7090.2 -3241.2 10392.884260
6543.8 7090.2 8562.8 22196.796812
6543.8 7090.2 8374.2 22008.242478
6543.8 7090.2 2277.1 15911.152289
6543.8 7090.2 9704.4 23338.396923
6543.8 7090.2 1110.1 14744.114308
6543.8 7090.2 11910.5 25544.564364
6543.8 7090.2 -2158.2 11475.805603
6543.8 7090.2 -3723.3 9910.732909
6543.8 7090.2 1830.7 15464.720857
6543.8 7090.2 10508.5 24142.578367
6543.8 7090.2 2196.5 15830.546148
6543.8 -3852.4 11998.3 14689.741354
6543.8 -3852.4 -2643.9 47.498381
6543.8 -3852.4 10921.5 13612.867690
6543.8 -3852.4 -3155.0 -463.645897
6543.8 -3852.4 -1127.3 1564.063218
6543.8 -3852.4 -2904.2 -212.783133
6543.8 -3852.4 2111.9 4803.269114
6543.8 -3852.4 2124.5 4815.901557
6543.8 -3852.4 -3241.2 -549.753349
6543.8 -3852.4 8562.8 11254.159203
6543.8 -3852.4 8374.2 11065.604869
6543.8 -3852.4 2277.1 4968.514680
6543.8 -3852.4 9704.4 12395.759314
6543.8 -3852.4 1110.1 3801.476699
6543.8 -3852.4 11910.5 14601.926755
6543.8 -3852.4 -2158.2 533.167994
6543.8 -3852.4 -3723.3 -1031.904700
6543.8 -3852.4 1830.7 4522.083248
6543.8 -3852.4 10508.5 13199.940758
6543.8 -3852.4 2196.5 4887.908539
6543.8 -1698.7 11998.3 16843.449383
6543.8 -1698.7 -2643.9 2201.206410
6543.8 -1698.7 10921.5 15766.575719
6543.8 -1698.7 -3155.0 1690.062132
6543.8 -1698.7 -1127.3 3717.771246
6543.8 -1698.7 -2904.2 1940.924895
6543.8 -1698.7 2111.9 6956.977143
6543.8 -1698.7 2124.5 6969.609586
6543.8 -1698.7 -3241.2 1603.954680
6543.8 -1698.7 8562.8 13407.867232
6543.8 -1698.7 8374.2 13219.312897
6543.8 -1698.7 2277.1 7122.222709
6543.8 -1698.7 9704.4 14549.467343
6543.8 -1698.7 1110.1 5955.184728
6543.8 -1698.7 11910.5 16755.634784
6543.8 -1698.7 -2158.2 2686.876023
6543.8 -1698.7 -3723.3 1121.803328
6543.8 -1698.7 1830.7 6675.791277
6543.8 -1698.7 10508.5 15353.648787
6543.8 -1698.7 2196.5 7041.616567
6543.8 7190.4 11998.3 25732.592814
6543.8 7190.4 -2643.9 11090.349841
6543.8 7190.4 10921.5 24655.719150
6543.8 7190.4 -3155.0 10579.205563
6543.8 7190.4 -1127.3 12606.914677
6543.8 7190.4 -2904.2 10830.068326
6543.8 7190.4 2111.9 15846.120574
6543.8 7190.4 2124.5 15858.753017
6543.8 7190.4 -3241.2 10493.098111
6543.8 7190.4 8562.8 22297.010662
6543.8 7190.4 8374.2 22108.456328
6543.8 7190.4 2277.1 16011.366140
6543.8 7190.4 9704.4 23438.610774
6543.8 7190.4 1110.1 14844.328159
6543.8 7190.4 11910.5 25644.778215
6543.8 7190.4 -2158.2 11576.019454
6543.8 7190.4 -3723.3 10010.946759
6543.8 7190.4 1830.7 15564.934708
6543.8 7190.4 10508.5 24242.792218
6543.8 7190.4 2196.5 15930.759998
6543.8 1523.8 11998.3 20065.910763
6543.8 1523.8 -2643.9 5423.667790
6543.8 1523.8 10921.5 18989.037100
6543.8 1523.8 -3155.0 4912.523512
6543.8 1523.8 -1127.3 6940.232627
6543.8 1523.8 -2904.2 5163.386276
6543.8 1523.8 2111.9 10179.438524
6543.8 1523.8 2124.5 10192.070966
6543.8 1523.8 -3241.2 4826.416060
6543.8 1523.8 8562.8 16630.328612
6543.8 1523.8 8374.2 16441.774278
6543.8 1523.8 2277.1 10344.684089
6543.8 1523.8 9704.4 17771.928724
6543.8 1523.8 1110.1 9177.646109
6543.8 1523.8 11910.5 19978.096164
6543.8 1523.8 -2158.2 5909.337403
6543.8 1523.8 -3723.3 4344.264709
6543.8 1523.8 1830.7 9898.252658
6543.8 1523.8 10508.5 18576.110167
6543.8 1523.8 2196.5 10264.077948
6543.8 4729.7 11998.3 23271.884830
6543.8 4729.7 -2643.9 8629.641858
6543.8 4729.7 10921.5 22195.011167
6543.8 4729.7 -3155.0 8118.497580
6543.8 4729.7 -1127.3 10146.206694
6543.8 4729.7 -2904.2 8369.360343
6543.8 4729.7 2111.9 13385.412591
6543.8 4729.7 2124.5 13398.045034
6543.8 4729.7 -3241.2 8032.390128
6543.8 4729.7 8562.8 19836.302679
6543.8 4729.7 8374.2 19647.748345
6543.8 4729.7 2277.1 13550.658156
6543.8 4729.7 9704.4 20977.902791
6543.8 4729.7 1110.1 12383.620176
6543.8 4729.7 11910.5 23184.070231
6543.8 4729.7 -2158.2 9115.311470
6543.8 4729.7 -3723.3 7550.238776
6543.8 4729.7 1830.7 13104.226725
6543.8 4729.7 10508.5 21782.084234
6543.8 4729.7 2196.5 13470.052015
6543.8 4018.6 11998.3 22560.774365
6543.8 4018.6 -2643.9 7918.531392
6543.8 4018.6 10921.5 21483.900701
6543.8 4018.6 -3155.0 7407.387114
6543.8 4018.6 -1127.3 9435.096229
6543.8 4018.6 -2904.2 7658.249878
6543.8 4018.6 2111.9 12674.302125
6543.8 4018.6 2124.5 12686.934568
6543.8 4018.6 -3241.2 7321.279662
6543.8 4018.6 8562.8 19125.192214
6543.8 4018.6 8374.2 18936.637880
6543.8 4018.6 2277.1 12839.547691
6543.8 4018.6 9704.4 20266.792325
6543.8 4018.6 1110.1 11672.509710
6543.8 4018.6 11910.5 22472.959766
6543.8 4018.6 -2158.2 8404.201005
6543.8 4018.6 -3723.3 6839.128311
6543.8 4018.6 1830.7 12393.116259
6543.8 4018.6 10508.5 21070.973769
6543.8 4018.6 2196.5 12758.941550
10883.8 3708.1 11998.3 26590.269848
10883.8 3708.1 -2643.9 11948.026875
10883.8 3708.1 10921.5 25513.396185
10883.8 3708.1 -3155.0 11436.882597
10883.8 3708.1 -1127.3 13464.591712
10883.8 3708.1 -2904.2 11687.745361
10883.8 3708.1 2111.9 16703.797609
10883.8 3708.1 2124.5 16716.430051
10883.8 3708.1 -3241.2 11350.775145
10883.8 3708.1 8562.8 23154.687697
10883.8 3708.1 8374.2 22966.133363
10883.8 3708.1 2277.1 16869.043174
10883.8 3708.1 9704.4 24296.287809
10883.8 3708.1 1110.1 15702.005194
10883.8 3708.1 11910.5 26502.455249
10883.8 3708.1 -2158.2 12433.696488
10883.8 3708.1 -3723.3 10868.623794
10883.8 3708.1 1830.7 16422.611743
10883.8 3708.1 10508.5 25100.469252
10883.8 3708.1 2196.5 16788.437033
10883.8 -485.5 11998.3 22396.697816
10883.8 -485.5 -2643.9 7754.454843
10883.8 -485.5 10921.5 21319.824152
10883.8 -485.5 -3155.0 7243.310565
10883.8 -485.5 -1127.3 9271.019679
10883.8 -485.5 -2904.2 7494.173328
10883.8 -485.5 2111.9 12510.225576
10883.8 -485.5 2124.5 12522.858019
10883.8 -485.5 -3241.2 7157.203113
10883.8 -485.5 8562.8 18961.115664
10883.8 -485.5 8374.2 18772.561330
10883.8 -485.5 2277.1 12675.471141
10883.8 -485.5 9704.4 20102.715776
10883.8 -485.5 1110.1 11508.433161
10883.8 -485.5 11910.5 22308.883216
10883.8 -485.5 -2158.2 8240.124456
10883.8 -485.5 -3723.3 6675.051761
10883.8 -485.5 1830.7 12229.039710
10883.8 -485.5 10508.5 20906.897220
10883.8 -485.5 2196.5 12594.865000
10883.8 2727.4 11998.3 25609.545501
10883.8 2727.4 -2643.9 10967.302528
10883.8 2727.4 10921.5 24532.671838
10883.8 2727.4 -3155.0 10456.158250
10883.8 2727.4 -1127.3 12483.867365
10883.8 2727.4 -2904.2 10707.021014
10883.8 2727.4 2111.9 15723.073262
10883.8 2727.4 2124.5 15735.705704
10883.8 2727.4 -3241.2 10370.050798
10883.8 2727.4 8562.8 22173.963350
10883.8 2727.4 8374.2 21985.409016
10883.8 2727.4 2277.1 15888.318827
10883.8 2727.4 9704.4 23315.563461
10883.8 2727.4 1110.1 14721.280847
10883.8 2727.4 11910.5 25521.730902
10883.8 2727.4 -2158.2 11452.972141
10883.8 2727.4 -3723.3 9887.899447
10883.8 2727.4 1830.7 15441.887396
10883.8 2727.4 10508.5 24119.744905
10883.8 2727.4 2196.5 15807.712686
10883.8 5379.4 11998.3 28261.590845
10883.8 5379.4 -2643.9 13619.347872
10883.8 5379.4 10921.5 27184.717181
10883.8 5379.4 -3155.0 13108.203594
10883.8 5379.4 -1127.3 15135.912708
10883.8 5379.4 -2904.2 13359.066357
10883.8 5379.4 2111.9 18375.118605
10883.8 5379.4 2124.5 18387.751048
10883.8 5379.4 -3241.2 13022.096142
10883.8 5379.4 8562.8 24826.008693
10883.8 5379.4 8374.2 24637.454359
10883.8 5379.4 2277.1 18540.364171
10883.8 5379.4 9704.4 25967.608805
10883.8 5379.4 1110.1 17373.326190
10883.8 5379.4 11910.5 28173.776246
10883.8 5379.4 -2158.2 14105.017485
10883.8 5379.4 -3723.3 12539.944790
10883.8 5379.4 1830.7 18093.932739
10883.8 5379.4 10508.5 26771.790249
10883.8 5379.4 2196.5 18459.758029
10883.8 -3670.9 11998.3 19211.265615
10883.8 -3670.9 -2643.9 4569.022643
10883.8 -3670.9 10921.5 18134.391952
10883.8 -3670.9 -3155.0 4057.878365
10883.8 -3670.9 -1127.3 6085.587479
10883.8 -3670.9 -2904.2 4308.741128
10883.8 -3670.9 2111.9 9324.793376
10883.8 -3670.9 2124.5 9337.425819
10883.8 -3670.9 -3241.2 3971.770913
10883.8 -3670.9 8562.8 15775.683464
10883.8 -3670.9 8374.2 15587.129130
10883.8 -3670.9 2277.1 9490.038941
10883.8 -3670.9 9704.4 16917.283576
10883.8 -3670.9 1110.1 8323.000961
10883.8 -3670.9 11910.5 19123.451016
10883.8 -3670.9 -2158.2 5054.692255
10883.8 -3670.9 -3723.3 3489.619561
10883.8 -3670.9 1830.7 9043.607510
10883.8 -3670.9 10508.5 17721.465019
10883.8 -3670.9 2196.5 9409.432800
10883.8 1821.8 11998.3 24703.949499
10883.8 1821.8 -2643.9 10061.706526
10883.8 1821.8 10921.5 23627.075835
10883.8 1821.8 -3155.0 9550.562248
10883.8 1821.8 -1127.3 11578.271362
10883.8 1821.8 -2904.2 9801.425011
10883.8 1821.8 2111.9 14817.477259
10883.8 1821.8 2124.5 14830.109702
10883.8 1821.8 -3241.2 9464.454796
10883.8 1821.8 8562.8 21268.367348
10883.8 1821.8 8374.2 21079.813014
10883.8 1821.8 2277.1 14982.722825
10883.8 1821.8 9704.4 22409.967459
10883.8 1821.8 1110.1 13815.684844
10883.8 1821.8 11910.5 24616.134900
10883.8 1821.8 -2158.2 10547.376139
10883.8 1821.8 -3723.3 8982.303445
10883.8 1821.8 1830.7 14536.291393
10883.8 1821.8 10508.5 23214.148903
10883.8 1821.8 2196.5 14902.116684
10883.8 6584.0 11998.3 29466.162079
10883.8 6584.0 -2643.9 14823.919106
10883.8 6584.0 10921.5 28389.288415
10883.8 6584.0 -3155.0 14312.774828
10883.8 6584.0 -1127.3 16340.483942
10883.8 6584.0 -2904.2 14563.637591
10883.8 6584.0 2111.9 19579.689839
10883.8 6584.0 2124.5 19592.322282
10883.8 6584.0 -3241.2 14226.667376
10883.8 6584.0 8562.8 26030.579927
10883.8 6584.0 8374.2 25842.025593
10883.8 6584.0 2277.1 19744.935405
10883.8 6584.0 9704.4 27172.180039
10883.8 6584.0 1110.1 18577.897424
10883.8 6584.0 11910.5 29378.347479
10883.8 6584.0 -2158.2 15309.588719
10883.8 6584.0 -3723.3 13744.516024
10883.8 6584.0 1830.7 19298.503973
10883.8 6584.0 10508.5 27976.361483
10883.8 6584.0 2196.5 19664.329263
10883.8 843.6 11998.3 23725.791116
10883.8 843.6 -2643.9 9083.548143
10883.8 843.6 10921.5 22648.917453
10883.8 843.6 -3155.0 8572.403866
10883.8 843.6 -1127.3 10600.112980
10883.8 843.6 -2904.2 8823.266629
10883.8 843.6 2111.9 13839.318877
10883.8 843.6 2124.5 13851.951319
10883.8 843.6 -3241.2 8486.296414
10883.8 843.6 8562.8 20290.208965
10883.8 843.6 8374.2 20101.654631
10883.8 843.6 2277.1 14004.564442
10883.8 843.6 9704.4 21431.809077
10883.8 843.6 1110.1 12837.526462
10883.8 843.6 11910.5 23637.976517
10883.8 843.6 -2158.2 9569.217756
10883.8 843.6 -3723.3 8004.145062
10883.8 843.6 1830.7 13558.133011
10883.8 843.6 10508.5 22235.990520
10883.8 843.6 2196.5 13923.958301
10883.8 5349.2 11998.3 28231.383456
10883.8 5349.2 -2643.9 13589.140484
10883.8 5349.2 10921.5 27154.509793
10883.8 5349.2 -3155.0 13077.996206
10883.8 5349.2 -1127.3 15105.705320
10883.8 5349.2 -2904.2 13328.858969
10883.8 5349.2 2111.9 18344.911217
10883.8 5349.2 2124.5 18357.543660
10883.8 5349.2 -3241.2 12991.888754
10883.8 5349.2 8562.8 24795.801305
10883.8 5349.2 8374.2 24607.246971
10883.8 5349.2 2277.1 18510.156782
10883.8 5349.2 9704.4 25937.401417
10883.8 5349.2 1110.1 17343.118802
10883.8 5349.2 11910.5 28143.568857
10883.8 5349.2 -2158.2 14074.810096
10883.8 5349.2 -3723.3 12509.737402
10883.8 5349.2 1830.7 18063.725351
10883.8 5349.2 10508.5 26741.582861
10883.8 5349.2 2196.5 18429.550641
10883.8 -3183.9 11998.3 19698.294148
10883.8 -3183.9 -2643.9 5056.051175
10883.8 -3183.9 10921.5 18621.420484
10883.8 -3183.9 -3155.0 4544.906897
10883.8 -3183.9 -1127.3 6572.616012
10883.8 -3183.9 -2904.2 4795.769661
10883.8 -3183.9 2111.9 9811.821908
10883.8 -3183.9 2124.5 9824.454351
10883.8 -3183.9 -3241.2 4458.799445
10883.8 -3183.9 8562.8 16262.711997
10883.8 -3183.9 8374.2 16074.157663
10883.8 -3183.9 2277.1 9977.067474
10883.8 -3183.9 9704.4 17404.312108
10883.8 -3183.9 1110.1 8810.029493
10883.8 -3183.9 11910.5 19610.479549
10883.8 -3183.9 -2158.2 5541.720788
10883.8 -3183.9 -3723.3 3976.648094
10883.8 -3183.9 1830.7 9530.636042
10883.8 -3183.9 10508.5 18208.493552
10883.8 -3183.9 2196.5 9896.461333
10883.8 11753.9 11998.3 34636.056991
10883.8 11753.9 -2643.9 19993.814019
10883.8 11753.9 10921.5 33559.183328
10883.8 11753.9 -3155.0 19482.669741
10883.8 11753.9 -1127.3 21510.378855
10883.8 11753.9 -2904.2 19733.532504
10883.8 11753.9 2111.9 24749.584752
10883.8 11753.9 2124.5 24762.217195
10883.8 11753.9 -3241.2 19396.562289
10883.8 11753.9 8562.8 31200.474840
10883.8 11753.9 8374.2 31011.920506
10883.8 11753.9 2277.1 24914.830317
10883.8 11753.9 9704.4 32342.074952
10883.8 11753.9 1110.1 23747.792337
10883.8 11753.9 11910.5 34548.242392
10883.8 11753.9 -2158.2 20479.483631
10883.8 11753.9 -3723.3 18914.410937
10883.8 11753.9 1830.7 24468.398886
10883.8 11753.9 10508.5 33146.256395
10883.8 11753.9 2196.5 24834.224176
10883.8 5341.0 11998.3 28223.213923
10883.8 5341.0 -2643.9 13580.970950
10883.8 5341.0 10921.5 27146.340259
10883.8 5341.0 -3155.0 13069.826672
10883.8 5341.0 -1127.3 15097.535786
10883.8 5341.0 -2904.2 13320.689435
10883.8 5341.0 2111.9 18336.741683
10883.8 5341.0 2124.5 18349.374126
10883.8 5341.0 -3241.2 12983.719220
10883.8 5341.0 8562.8 24787.631771
10883.8 5341.0 8374.2 24599.077437
10883.8 5341.0 2277.1 18501.987248
10883.8 5341.0 9704.4 25929.231883
10883.8 5341.0 1110.1 17334.949268
10883.8 5341.0 11910.5 28135.399323
10883.8 5341.0 -2158.2 14066.640563
10883.8 5341.0 -3723.3 12501.567868
10883.8 5341.0 1830.7 18055.555817
10883.8 5341.0 10508.5 26733.413327
10883.8 5341.0 2196.5 18421.381107
10883.8 11133.2 11998.3 34015.342668
10883.8 11133.2 -2643.9 19373.099696
10883.8 11133.2 10921.5 32938.469005
10883.8 11133.2 -3155.0 18861.955418
10883.8 11133.2 -1127.3 20889.664532
10883.8 11133.2 -2904.2 19112.818181
10883.8 11133.2 2111.9 24128.870429
10883.8 11133.2 2124.5 24141.502872
10883.8 11133.2 -3241.2 18775.847966
10883.8 11133.2 8562.8 30579.760517
10883.8 11133.2 8374.2 30391.206183
10883.8 11133.2 2277.1 24294.115994
10883.8 11133.2 9704.4 31721.360629
10883.8 11133.2 1110.1 23127.078014
10883.8 11133.2 11910.5 33927.528069
10883.8 11133.2 -2158.2 19858.769308
10883.8 11133.2 -3723.3 18293.696614
10883.8 11133.2 1830.7 23847.684563
10883.8 11133.2 10508.5 32525.542072
10883.8 11133.2 2196.5 24213.509853
10883.8 7090.2 11998.3 29972.402857
10883.8 7090.2 -2643.9 15330.159884
10883.8 7090.2 10921.5 28895.529193
10883.8 7090.2 -3155.0 14819.015606
10883.8 7090.2 -1127.3 16846.724721
10883.8 7090.2 -2904.2 15069.878370
10883.8 7090.2 2111.9 20085.930617
10883.8 7090.2 2124.5 20098.563060
10883.8 7090.2 -3241.2 14732.908154
10883.8 7090.2 8562.8 26536.820706
10883.8 7090.2 8374.2 26348.266372
10883.8 7090.2 2277.1 20251.176183
10883.8 7090.2 9704.4 27678.420817
10883.8 7090.2 1110.1 19084.138202
10883.8 7090.2 11910.5 29884.588258
10883.8 7090.2 -2158.2 15815.829497
10883.8 7090.2 -3723.3 14250.756803
10883.8 7090.2 1830.7 19804.744751
10883.8 7090.2 10508.5 28482.602261
10883.8 7090.2 2196.5 20170.570042
10883.8 -3852.4 11998.3 19029.765248
10883.8 -3852.4 -2643.9 4387.522275
10883.8 -3852.4 10921.5 17952.891584
10883.8 -3852.4 -3155.0 3876.377997
10883.8 -3852.4 -1127.3 5904.087112
10883.8 -3852.4 -2904.2 4127.240761
10883.8 -3852.4 2111.9 9143.293008
10883.8 -3852.4 2124.5 9155.925451
10883.8 -3852.4 -3241.2 3790.270545
10883.8 -3852.4 8562.8 15594.183097
10883.8 -3852.4 8374.2 15405.628763
10883.8 -3852.4 2277.1 9308.538574
10883.8 -3852.4 9704.4 16735.783208
10883.8 -3852.4 1110.1 8141.500593
10883.8 -3852.4 11910.5 18941.950649
10883.8 -3852.4 -2158.2 4873.191888
10883.8 -3852.4 -3723.3 3308.119194
10883.8 -3852.4 1830.7 8862.107142
10883.8 -3852.4 10508.5 17539.964652
10883.8 -3852.4 2196.5 9227.932433
10883.8 -1698.7 11998.3 21183.473277
10883.8 -1698.7 -2643.9 6541.230304
10883.8 -1698.7 10921.5 20106.599613
10883.8 -1698.7 -3155.0 6030.086026
10883.8 -1698.7 -1127.3 8057.795140
10883.8 -1698.7 -2904.2 6280.948789
10883.8 -1698.7 2111.9 11297.001037
10883.8 -1698.7 2124.5 11309.633480
10883.8 -1698.7 -3241.2 5943.978574
10883.8 -1698.7 8562.8 17747.891126
10883.8 -1698.7 8374.2 17559.336792
10883.8 -1698.7 2277.1 11462.246603
10883.8 -1698.7 9704.4 18889.491237
10883.8 -1698.7 1110.1 10295.208622
10883.8 -1698.7 11910.5 21095.658678
10883.8 -1698.7 -2158.2 7026.899917
10883.8 -1698.7 -3723.3 5461.827223
10883.8 -1698.7 1830.7 11015.815171
10883.8 -1698.7 10508.5 19693.672681
10883.8 -1698.7 2196.5 11381.640461
10883.8 7190.4 11998.3 30072.616708
10883.8 7190.4 -2643.9 15430.373735
10883.8 7190.4 10921.5 28995.743044
10883.8 7190.4 -3155.0 14919.229457
10883.8 7190.4 -1127.3 16946.938571
10883.8 7190.4 -2904.2 15170.092220
10883.8 7190.4 2111.9 20186.144468
10883.8 7190.4 2124.5 20198.776911
10883.8 7190.4 -3241.2 14833.122005
10883.8 7190.4 8562.8 26637.034557
10883.8 7190.4 8374.2 26448.480222
10883.8 7190.4 2277.1 20351.390034
10883.8 7190.4 9704.4 27778.634668
10883.8 7190.4 1110.1 19184.352053
10883.8 7190.4 11910.5 29984.802109
10883.8 7190.4 -2158.2 15916.043348
10883.8 7190.4 -3723.3 14350.970653
10883.8 7190.4 1830.7 19904.958602
10883.8 7190.4 10508.5 28582.816112
10883.8 7190.4 2196.5 20270.783892
10883.8 1523.8 11998.3 24405.934657
10883.8 1523.8 -2643.9 9763.691684
10883.8 1523.8 10921.5 23329.060994
10883.8 1523.8 -3155.0 9252.547407
10883.8 1523.8 -1127.3 11280.256521
10883.8 1523.8 -2904.2 9503.410170
10883.8 1523.8 2111.9 14519.462418
10883.8 1523.8 2124.5 14532.094860
10883.8 1523.8 -3241.2 9166.439955
10883.8 1523.8 8562.8 20970.352506
10883.8 1523.8 8374.2 20781.798172
10883.8 1523.8 2277.1 14684.707983
10883.8 1523.8 9704.4 22111.952618
10883.8 1523.8 1110.1 13517.670003
10883.8 1523.8 11910.5 24318.120058
10883.8 1523.8 -2158.2 10249.361297
10883.8 1523.8 -3723.3 8684.288603
10883.8 1523.8 1830.7 14238.276552
10883.8 1523.8 10508.5 22916.134061
10883.8 1523.8 2196.5 14604.101842
10883.8 4729.7 11998.3 27611.908724
10883.8 4729.7 -2643.9 12969.665752
10883.8 4729.7 10921.5 26535.035061
10883.8 4729.7 -3155.0 12458.521474
10883.8 4729.7 -1127.3 14486.230588
10883.8 4729.7 -2904.2 12709.384237
10883.8 4729.7 2111.9 17725.436485
10883.8 4729.7 2124.5 17738.068928
10883.8 4729.7 -3241.2 12372.414022
10883.8 4729.7 8562.8 24176.326573
10883.8 4729.7 8374.2 23987.772239
10883.8 4729.7 2277.1 17890.682050
10883.8 4729.7 9704.4 25317.926685
10883.8 4729.7 1110.1 16723.644070
10883.8 4729.7 11910.5 27524.094125
10883.8 4729.7 -2158.2 13455.335364
10883.8 4729.7 -3723.3 11890.262670
10883.8 4729.7 1830.7 17444.250619
10883.8 4729.7 10508.5 26122.108129
10883.8 4729.7 2196.5 17810.075909
10883.8 4018.6 11998.3 26900.798259
10883.8 4018.6 -2643.9 12258.555286
10883.8 4018.6 10921.5 25823.924595
10883.8 4018.6 -3155.0 11747.411008
10883.8 4018.6 -1127.3 13775.120123
10883.8 4018.6 -2904.2 11998.273772
10883.8 4018.6 2111.9 17014.326019
10883.8 4018.6 2124.5 17026.958462
10883.8 4018.6 -3241.2 11661.303556
10883.8 4018.6 8562.8 23465.216108
10883.8 4018.6 8374.2 23276.661774
10883.8 4018.6 2277.1 17179.571585
10883.8 4018.6 9704.4 24606.816219
10883.8 4018.6 1110.1 16012.533604
10883.8 4018.6 11910.5 26812.983660
10883.8 4018.6 -2158.2 12744.224899
10883.8 4018.6 -3723.3 11179.152205
10883.8 4018.6 1830.7 16733.140153
10883.8 4018.6 10508.5 25410.997663
10883.8 4018.6 2196.5 17098.965444
1898.5 3708.1 11998.3 17604.973970
1898.5 3708.1 -2643.9 2962.730997
1898.5 3708.1 10921.5 16528.100307
1898.5 3708.1 -3155.0 2451.586720
1898.5 3708.1 -1127.3 4479.295834
1898.5 3708.1 -2904.2 2702.449483
1898.5 3708.1 2111.9 7718.501731
1898.5 3708.1 2124.5 7731.134173
1898.5 3708.1 -3241.2 2365.479268
1898.5 3708.1 8562.8 14169.391819
1898.5 3708.1 8374.2 13980.837485
1898.5 3708.1 2277.1 7883.747296
1898.5 3708.1 9704.4 15310.991931
1898.5 3708.1 1110.1 6716.709316
1898.5 3708.1 11910.5 17517.159371
1898.5 3708.1 -2158.2 3448.400610
1898.5 3708.1 -3723.3 1883.327916
1898.5 3708.1 1830.7 7437.315865
1898.5 3708.1 10508.5 16115.173374
1898.5 3708.1 2196.5 7803.141155
1898.5 -485.5 11998.3 13411.401938
1898.5 -485.5 -2643.9 -1230.841035
1898.5 -485.5 10921.5 12334.528274
1898.5 -485.5 -3155.0 -1741.985313
1898.5 -485.5 -1127.3 285.723801
1898.5 -485.5 -2904.2 -1491.122550
1898.5 -485.5 2111.9 3524.929698
1898.5 -485.5 2124.5 3537.562141
1898.5 -485.5 -3241.2 -1828.092765
1898.5 -485.5 8562.8 9975.819786
1898.5 -485.5 8374.2 9787.265452
1898.5 -485.5 2277.1 3690.175264
1898.5 -485.5 9704.4 11117.419898
1898.5 -485.5 1110.1 2523.137283
1898.5 -485.5 11910.5 13323.587338
1898.5 -485.5 -2158.2 -745.171422
1898.5 -485.5 -3723.3 -2310.244117
1898.5 -485.5 1830.7 3243.743832
1898.5 -485.5 10508.5 11921.601342
1898.5 -485.5 2196.5 3609.569122
1898.5 2727.4 11998.3 16624.249623
1898.5 2727.4 -2643.9 1982.006650
1898.5 2727.4 10921.5 15547.375960
1898.5 2727.4 -3155.0 1470.862372
1898.5 2727.4 -1127.3 3498.571487
1898.5 2727.4 -2904.2 1721.725136
1898.5 2727.4 2111.9 6737.777384
1898.5 2727.4 2124.5 6750.409826
1898.5 2727.4 -3241.2 1384.754920
1898.5 2727.4 8562.8 13188.667472
1898.5 2727.4 8374.2 13000.113138
1898.5 2727.4 2277.1 6903.022949
1898.5 2727.4 9704.4 14330.267583
1898.5 2727.4 1110.1 5735.984969
1898.5 2727.4 11910.5 16536.435024
1898.5 2727.4 -2158.2 2467.676263
1898.5 2727.4 -3723.3 902.603569
1898.5 2727.4 1830.7 6456.591518
1898.5 2727.4 10508.5 15134.449027
1898.5 2727.4 2196.5 6822.416808
1898.5 5379.4 11998.3 19276.294967
1898.5 5379.4 -2643.9 4634.051994
1898.5 5379.4 10921.5 18199.421303
1898.5 5379.4 -3155.0 4122.907716
1898.5 5379.4 -1127.3 6150.616830
1898.5 5379.4 -2904.2 4373.770479
1898.5 5379.4 2111.9 9389.822727
1898.5 5379.4 2124.5 9402.455170
1898.5 5379.4 -3241.2 4036.800264
1898.5 5379.4 8562.8 15840.712816
1898.5 5379.4 8374.2 15652.158481
1898.5 5379.4 2277.1 9555.068293
1898.5 5379.4 9704.4 16982.312927
1898.5 5379.4 1110.1 8388.030312
1898.5 5379.4 11910.5 19188.480368
1898.5 5379.4 -2158.2 5119.721607
1898.5 5379.4 -3723.3 3554.648912
1898.5 5379.4 1830.7 9108.636861
1898.5 5379.4 10508.5 17786.494371
1898.5 5379.4 2196.5 9474.462151
1898.5 -3670.9 11998.3 10225.969737
1898.5 -3670.9 -2643.9 -4416.273235
1898.5 -3670.9 10921.5 9149.096074
1898.5 -3670.9 -3155.0 -4927.417513
1898.5 -3670.9 -1127.3 -2899.708399
1898.5 -3670.9 -2904.2 -4676.554750
1898.5 -3670.9 2111.9 339.497498
1898.5 -3670.9 2124.5 352.129941
1898.5 -3670.9 -3241.2 -5013.524965
1898.5 -3670.9 8562.8 6790.387586
1898.5 -3670.9 8374.2 6601.833252
1898.5 -3670.9 2277.1 504.743063
1898.5 -3670.9 9704.4 7931.987698
1898.5 -3670.9 1110.1 -662.294917
1898.5 -3670.9 11910.5 10138.155138
1898.5 -3670.9 -2158.2 -3930.603623
1898.5 -3670.9 -3723.3 -5495.676317
1898.5 -3670.9 1830.7 58.311632
1898.5 -3670.9 10508.5 8736.169141
1898.5 -3670.9 2196.5 424.136922
1898.5 1821.8 11998.3 15718.653621
1898.5 1821.8 -2643.9 1076.410648
1898.5 1821.8 10921.5 14641.779957
1898.5 1821.8 -3155.0 565.266370
1898.5 1821.8 -1127.3 2592.975485
1898.5 1821.8 -2904.2 816.129134
1898.5 1821.8 2111.9 5832.181381
1898.5 1821.8 2124.5 5844.813824
1898.5 1821.8 -3241.2 479.158918
1898.5 1821.8 8562.8 12283.071470
1898.5 1821.8 8374.2 12094.517136
1898.5 1821.8 2277.1 5997.426947
1898.5 1821.8 9704.4 13424.671581
1898.5 1821.8 1110.1 4830.388966
1898.5 1821.8 11910.5 15630.839022
1898.5 1821.8 -2158.2 1562.080261
1898.5 1821.8 -3723.3 -2.992433
1898.5 1821.8 1830.7 5550.995515
1898.5 1821.8 10508.5 14228.853025
1898.5 1821.8 2196.5 5916.820806
1898.5 6584.0 11998.3 20480.866201
1898.5 6584.0 -2643.9 5838.623228
1898.5 6584.0 10921.5 19403.992537
1898.5 6584.0 -3155.0 5327.478950
1898.5 6584.0 -1127.3 7355.188064
1898.5 6584.0 -2904.2 5578.341713
1898.5 6584.0 2111.9 10594.393961
1898.5 6584.0 2124.5 10607.026404
1898.5 6584.0 -3241.2 5241.371498
1898.5 6584.0 8562.8 17045.284049
1898.5 6584.0 8374.2 16856.729715
1898.5 6584.0 2277.1 10759.639527
1898.5 6584.0 9704.4 18186.884161
1898.5 6584.0 1110.1 9592.601546
1898.5 6584.0 11910.5 20393.051602
1898.5 6584.0 -2158.2 6324.292841
1898.5 6584.0 -3723.3 4759.220146
1898.5 6584.0 1830.7 10313.208095
1898.5 6584.0 10508.5 18991.065605
1898.5 6584.0 2196.5 10679.033385
1898.5 843.6 11998.3 14740.495238
1898.5 843.6 -2643.9 98.252266
1898.5 843.6 10921.5 13663.621575
1898.5 843.6 -3155.0 -412.892012
1898.5 843.6 -1127.3 1614.817102
1898.5 843.6 -2904.2 -162.029249
1898.5 843.6 2111.9 4854.022999
1898.5 843.6 2124.5 4866.655442
1898.5 843.6 -3241.2 -498.999464
1898.5 843.6 8562.8 11304.913087
1898.5 843.6 8374.2 11116.358753
1898.5 843.6 2277.1 5019.268564
1898.5 843.6 9704.4 12446.513199
1898.5 843.6 1110.1 3852.230584
1898.5 843.6 11910.5 14652.680639
1898.5 843.6 -2158.2 583.921878
1898.5 843.6 -3723.3 -981.150816
1898.5 843.6 1830.7 4572.837133
1898.5 843.6 10508.5 13250.694642
1898.5 843.6 2196.5 4938.662423
1898.5 5349.2 11998.3 19246.087579
1898.5 5349.2 -2643.9 4603.844606
1898.5 5349.2 10921.5 18169.213915
1898.5 5349.2 -3155.0 4092.700328
1898.5 5349.2 -1127.3 6120.409442
1898.5 5349.2 -2904.2 4343.563091
1898.5 5349.2 2111.9 9359.615339
1898.5 5349.2 2124.5 9372.247782
1898.5 5349.2 -3241.2 4006.592876
1898.5 5349.2 8562.8 15810.505427
1898.5 5349.2 8374.2 15621.951093
1898.5 5349.2 2277.1 9524.860904
1898.5 5349.2 9704.4 16952.105539
1898.5 5349.2 1110.1 8357.822924
1898.5 5349.2 11910.5 19158.272979
1898.5 5349.2 -2158.2 5089.514219
1898.5 5349.2 -3723.3 3524.441524
1898.5 5349.2 1830.7 9078.429473
1898.5 5349.2 10508.5 17756.286983
1898.5 5349.2 2196.5 9444.254763
1898.5 -3183.9 11998.3 10712.998270
1898.5 -3183.9 -2643.9 -3929.244703
1898.5 -3183.9 10921.5 9636.124607
1898.5 -3183.9 -3155.0 -4440.388981
1898.5 -3183.9 -1127.3 -2412.679866
1898.5 -3183.9 -2904.2 -4189.526217
1898.5 -3183.9 2111.9 826.526031
1898.5 -3183.9 2124.5 839.158473
1898.5 -3183.9 -3241.2 -4526.496433
1898.5 -3183.9 8562.8 7277.416119
1898.5 -3183.9 8374.2 7088.861785
1898.5 -3183.9 2277.1 991.771596
1898.5 -3183.9 9704.4 8419.016230
1898.5 -3183.9 1110.1 -175.266384
1898.5 -3183.9 11910.5 10625.183671
1898.5 -3183.9 -2158.2 -3443.575090
1898.5 -3183.9 -3723.3 -5008.647784
1898.5 -3183.9 1830.7 545.340165
1898.5 -3183.9 10508.5 9223.197674
1898.5 -3183.9 2196.5 911.165455
1898.5 11753.9 11998.3 25650.761114
1898.5 11753.9 -2643.9 11008.518141
1898.5 11753.9 10921.5 24573.887450
1898.5 11753.9 -3155.0 10497.373863
1898.5 11753.9 -1127.3 12525.082977
1898.5 11753.9 -2904.2 10748.236626
1898.5 11753.9 2111.9 15764.288874
1898.5 11753.9 2124.5 15776.921317
1898.5 11753.9 -3241.2 10411.266411
1898.5 11753.9 8562.8 22215.178962
1898.5 11753.9 8374.2 22026.624628
1898.5 11753.9 2277.1 15929.534439
1898.5 11753.9 9704.4 23356.779074
1898.5 11753.9 1110.1 14762.496459
1898.5 11753.9 11910.5 25562.946514
1898.5 11753.9 -2158.2 11494.187754
1898.5 11753.9 -3723.3 9929.115059
1898.5 11753.9 1830.7 15483.103008
1898.5 11753.9 10508.5 24160.960518
1898.5 11753.9 2196.5 15848.928298
1898.5 5341.0 11998.3 19237.918045
1898.5 5341.0 -2643.9 4595.675072
1898.5 5341.0 10921.5 18161.044381
1898.5 5341.0 -3155.0 4084.530794
1898.5 5341.0 -1127.3 6112.239908
1898.5 5341.0 -2904.2 4335.393557
1898.5 5341.0 2111.9 9351.445805
1898.5 5341.0 2124.5 9364.078248
1898.5 5341.0 -3241.2 3998.423342
1898.5 5341.0 8562.8 15802.335893
1898.5 5341.0 8374.2 15613.781559
1898.5 5341.0 2277.1 9516.691370
1898.5 5341.0 9704.4 16943.936005
1898.5 5341.0 1110.1 8349.653390
1898.5 5341.0 11910.5 19150.103445
1898.5 5341.0 -2158.2 5081.344685
1898.5 5341.0 -3723.3 3516.271990
1898.5 5341.0 1830.7 9070.259939
1898.5 5341.0 10508.5 17748.117449
1898.5 5341.0 2196.5 9436.085229
1898.5 11133.2 11998.3 25030.046790
1898.5 11133.2 -2643.9 10387.803818
1898.5 11133.2 10921.5 23953.173127
1898.5 11133.2 -3155.0 9876.659540
1898.5 11133.2 -1127.3 11904.368654
1898.5 11133.2 -2904.2 10127.522303
1898.5 11133.2 2111.9 15143.574551
1898.5 11133.2 2124.5 15156.206994
1898.5 11133.2 -3241.2 9790.552088
1898.5 11133.2 8562.8 21594.464639
1898.5 11133.2 8374.2 21405.910305
1898.5 11133.2 2277.1 15308.820116
1898.5 11133.2 9704.4 22736.064751
1898.5 11133.2 1110.1 14141.782136
1898.5 11133.2 11910.5 24942.232191
1898.5 11133.2 -2158.2 10873.473431
1898.5 11133.2 -3723.3 9308.400736
1898.5 11133.2 1830.7 14862.388685
1898.5 11133.2 10508.5 23540.246195
1898.5 11133.2 2196.5 15228.213975
1898.5 7090.2 11998.3 20987.106979
1898.5 7090.2 -2643.9 6344.864006
1898.5 7090.2 10921.5 19910.233315
1898.5 7090.2 -3155.0 5833.719728
1898.5 7090.2 -1127.3 7861.428843
1898.5 7090.2 -2904.2 6084.582492
1898.5 7090.2 2111.9 11100.634739
1898.5 7090.2 2124.5 11113.267182
1898.5 7090.2 -3241.2 5747.612276
1898.5 7090.2 8562.8 17551.524828
1898.5 7090.2 8374.2 17362.970494
1898.5 7090.2 2277.1 11265.880305
1898.5 7090.2 9704.4 18693.124939
1898.5 7090.2 1110.1 10098.842324
1898.5 7090.2 11910.5 20899.292380
1898.5 7090.2 -2158.2 6830.533619
1898.5 7090.2 -3723.3 5265.460925
1898.5 7090.2 1830.7 10819.448873
1898.5 7090.2 10508.5 19497.306383
1898.5 7090.2 2196.5 11185.274164
1898.5 -3852.4 11998.3 10044.469370
1898.5 -3852.4 -2643.9 -4597.773603
1898.5 -3852.4 10921.5 8967.595706
1898.5 -3852.4 -3155.0 -5108.917881
1898.5 -3852.4 -1127.3 -3081.208766
1898.5 -3852.4 -2904.2 -4858.055117
1898.5 -3852.4 2111.9 157.997130
1898.5 -3852.4 2124.5 170.629573
1898.5 -3852.4 -3241.2 -5195.025333
1898.5 -3852.4 8562.8 6608.887219
1898.5 -3852.4 8374.2 6420.332885
1898.5 -3852.4 2277.1 323.242696
1898.5 -3852.4 9704.4 7750.487330
1898.5 -3852.4 1110.1 -843.795285
1898.5 -3852.4 11910.5 9956.654771
1898.5 -3852.4 -2158.2 -4112.103990
1898.5 -3852.4 -3723.3 -5677.176684
1898.5 -3852.4 1830.7 -123.188736
1898.5 -3852.4 10508.5 8554.668774
1898.5 -3852.4 2196.5 242.636555
1898.5 -1698.7 11998.3 12198.177399
1898.5 -1698.7 -2643.9 -2444.065574
1898.5 -1698.7 10921.5 11121.303735
1898.5 -1698.7 -3155.0 -2955.209852
1898.5 -1698.7 -1127.3 -927.500737
1898.5 -1698.7 -2904.2 -2704.347088
1898.5 -1698.7 2111.9 2311.705159
1898.5 -1698.7 2124.5 2324.337602
1898.5 -1698.7 -3241.2 -3041.317304
1898.5 -1698.7 8562.8 8762.595248
1898.5 -1698.7 8374.2 8574.040914
1898.5 -1698.7 2277.1 2476.950725
1898.5 -1698.7 9704.4 9904.195359
1898.5 -1698.7 1110.1 1309.912744
1898.5 -1698.7 11910.5 12110.362800
1898.5 -1698.7 -2158.2 -1958.395961
1898.5 -1698.7 -3723.3 -3523.468655
1898.5 -1698.7 1830.7 2030.519293
1898.5 -1698.7 10508.5 10708.376803
1898.5 -1698.7 2196.5 2396.344584
1898.5 7190.4 11998.3 21087.320830
1898.5 7190.4 -2643.9 6445.077857
1898.5 7190.4 10921.5 20010.447166
1898.5 7190.4 -3155.0 5933.933579
1898.5 7190.4 -1127.3 7961.642693
1898.5 7190.4 -2904.2 6184.796342
1898.5 7190.4 2111.9 11200.848590
1898.5 7190.4 2124.5 11213.481033
1898.5 7190.4 -3241.2 5847.826127
1898.5 7190.4 8562.8 17651.738679
1898.5 7190.4 8374.2 17463.184345
1898.5 7190.4 2277.1 11366.094156
1898.5 7190.4 9704.4 18793.338790
1898.5 7190.4 1110.1 10199.056175
1898.5 7190.4 11910.5 20999.506231
1898.5 7190.4 -2158.2 6930.747470
1898.5 7190.4 -3723.3 5365.674776
1898.5 7190.4 1830.7 10919.662724
1898.5 7190.4 10508.5 19597.520234
1898.5 7190.4 2196.5 11285.488014
1898.5 1523.8 11998.3 15420.638779
1898.5 1523.8 -2643.9 778.395806
1898.5 1523.8 10921.5 14343.765116
1898.5 1523.8 -3155.0 267.251529
1898.5 1523.8 -1127.3 2294.960643
1898.5 1523.8 -2904.2 518.114292
1898.5 1523.8 2111.9 5534.166540
1898.5 1523.8 2124.5 5546.798983
1898.5 1523.8 -3241.2 181.144077
1898.5 1523.8 8562.8 11985.056628
1898.5 1523.8 8374.2 11796.502294
1898.5 1523.8 2277.1 5699.412105
1898.5 1523.8 9704.4 13126.656740
1898.5 1523.8 1110.1 4532.374125
1898.5 1523.8 11910.5 15332.824180
1898.5 1523.8 -2158.2 1264.065419
1898.5 1523.8 -3723.3 -301.007275
1898.5 1523.8 1830.7 5252.980674
1898.5 1523.8 10508.5 13930.838183
1898.5 1523.8 2196.5 5618.805964
1898.5 4729.7 11998.3 18626.612847
1898.5 4729.7 -2643.9 3984.369874
1898.5 4729.7 10921.5 17549.739183
1898.5 4729.7 -3155.0 3473.225596
1898.5 4729.7 -1127.3 5500.934710
1898.5 4729.7 -2904.2 3724.088359
1898.5 4729.7 2111.9 8740.140607
1898.5 4729.7 2124.5 8752.773050
1898.5 4729.7 -3241.2 3387.118144
1898.5 4729.7 8562.8 15191.030695
1898.5 4729.7 8374.2 15002.476361
1898.5 4729.7 2277.1 8905.386172
1898.5 4729.7 9704.4 16332.630807
1898.5 4729.7 1110.1 7738.348192
1898.5 4729.7 11910.5 18538.798247
1898.5 4729.7 -2158.2 4470.039487
1898.5 4729.7 -3723.3 2904.966792
1898.5 4729.7 1830.7 8458.954741
1898.5 4729.7 10508.5 17136.812251
1898.5 4729.7 2196.5 8824.780031
1898.5 4018.6 11998.3 17915.502381
1898.5 4018.6 -2643.9 3273.259408
1898.5 4018.6 10921.5 16838.628718
1898.5 4018.6 -3155.0 2762.115130
1898.5 4018.6 -1127.3 4789.824245
1898.5 4018.6 -2904.2 3012.977894
1898.5 4018.6 2111.9 8029.030142
1898.5 4018.6 2124.5 8041.662584
1898.5 4018.6 -3241.2 2676.007678
1898.5 4018.6 8562.8 14479.920230
1898.5 4018.6 8374.2 14291.365896
1898.5 4018.6 2277.1 8194.275707
1898.5 4018.6 9704.4 15621.520341
1898.5 4018.6 1110.1 7027.237727
1898.5 4018.6 11910.5 17827.687782
1898.5 4018.6 -2158.2 3758.929021
1898.5 4018.6 -3723.3 2193.856327
1898.5 4018.6 1830.7 7747.844276
1898.5 4018.6 10508.5 16425.701785
1898.5 4018.6 2196.5 8113.669566
5388.7 3708.1 11998.3 21095.096266
5388.7 3708.1 -2643.9 6452.853293
5388.7 3708.1 10921.5 20018.222602
5388.7 3708.1 -3155.0 5941.709015
5388.7 3708.1 -1127.3 7969.418129
5388.7 3708.1 -2904.2 6192.571778
5388.7 3708.1 2111.9 11208.624026
5388.7 3708.1 2124.5 11221.256469
5388.7 3708.1 -3241.2 5855.601563
5388.7 3708.1 8562.8 17659.514114
5388.7 3708.1 8374.2 17470.959780
5388.7 3708.1 2277.1 11373.869591
5388.7 3708.1 9704.4 18801.114226
5388.7 3708.1 1110.1 10206.831611
5388.7 3708.1 11910.5 21007.281666
5388.7 3708.1 -2158.2 6938.522906
5388.7 3708.1 -3723.3 5373.450211
5388.7 3708.1 1830.7 10927.438160
5388.7 3708.1 10508.5 19605.295670
5388.7 3708.1 2196.5 11293.263450
5388.7 -485.5 11998.3 16901.524233
5388.7 -485.5 -2643.9 2259.281260
5388.7 -485.5 10921.5 15824.650569
5388.7 -485.5 -3155.0 1748.136982
5388.7 -485.5 -1127.3 3775.846096
5388.7 -485.5 -2904.2 1998.999746
5388.7 -485.5 2111.9 7015.051993
5388.7 -485.5 2124.5 7027.684436
5388.7 -485.5 -3241.2 1662.029530
5388.7 -485.5 8562.8 13465.942082
5388.7 -485.5 8374.2 13277.387748
5388.7 -485.5 2277.1 7180.297559
5388.7 -485.5 9704.4 14607.542193
5388.7 -485.5 1110.1 6013.259578
5388.7 -485.5 11910.5 16813.709634
5388.7 -485.5 -2158.2 2744.950873
5388.7 -485.5 -3723.3 1179.878179
5388.7 -485.5 1830.7 6733.866127
5388.7 -485.5 10508.5 15411.723637
5388.7 -485.5 2196.5 7099.691418
5388.7 2727.4 11998.3 20114.371918
5388.7 2727.4 -2643.9 5472.128945
5388.7 2727.4 10921.5 19037.498255
5388.7 2727.4 -3155.0 4960.984668
5388.7 2727.4 -1127.3 6988.693782
5388.7 2727.4 -2904.2 5211.847431
5388.7 2727.4 2111.9 10227.899679
5388.7 2727.4 2124.5 10240.532121
5388.7 2727.4 -3241.2 4874.877216
5388.7 2727.4 8562.8 16678.789767
5388.7 2727.4 8374.2 16490.235433
5388.7 2727.4 2277.1 10393.145244
5388.7 2727.4 9704.4 17820.389879
5388.7 2727.4 1110.1 9226.107264
5388.7 2727.4 11910.5 20026.557319
5388.7 2727.4 -2158.2 5957.798558
5388.7 2727.4 -3723.3 4392.725864
5388.7 2727.4 1830.7 9946.713813
5388.7 2727.4 10508.5 18624.571322
5388.7 2727.4 2196.5 10312.539103
5388.7 5379.4 11998.3 22766.417262
5388.7 5379.4 -2643.9 8124.174289
5388.7 5379.4 10921.5 21689.543598
5388.7 5379.4 -3155.0 7613.030011
5388.7 5379.4 -1127.3 9640.739126
5388.7 5379.4 -2904.2 7863.892775
5388.7 5379.4 2111.9 12879.945022
5388.7 5379.4 2124.5 12892.577465
5388.7 5379.4 -3241.2 7526.922559
5388.7 5379.4 8562.8 19330.835111
5388.7 5379.4 8374.2 19142.280777
5388.7 5379.4 2277.1 13045.190588
5388.7 5379.4 9704.4 20472.435222
5388.7 5379.4 1110.1 11878.152607
5388.7 5379.4 11910.5 22678.602663
5388.7 5379.4 -2158.2 8609.843902
5388.7 5379.4 -3723.3 7044.771208
5388.7 5379.4 1830.7 12598.759156
5388.7 5379.4 10508.5 21276.616666
5388.7 5379.4 2196.5 12964.584447
5388.7 -3670.9 11998.3 13716.092033
5388.7 -3670.9 -2643.9 -926.150940
5388.7 -3670.9 10921.5 12639.218369
5388.7 -3670.9 -3155.0 -1437.295218
5388.7 -3670.9 -1127.3 590.413896
5388.7 -3670.9 -2904.2 -1186.432455
5388.7 -3670.9 2111.9 3829.619793
5388.7 -3670.9 2124.5 3842.252236
5388.7 -3670.9 -3241.2 -1523.402670
5388.7 -3670.9 8562.8 10280.509881
5388.7 -3670.9 8374.2 10091.955547
5388.7 -3670.9 2277.1 3994.865359
5388.7 -3670.9 9704.4 11422.109993
5388.7 -3670.9 1110.1 2827.827378
5388.7 -3670.9 11910.5 13628.277433
5388.7 -3670.9 -2158.2 -440.481327
5388.7 -3670.9 -3723.3 -2005.554022
5388.7 -3670.9 1830.7 3548.433927
5388.7 -3670.9 10508.5 12226.291437
5388.7 -3670.9 2196.5 3914.259217
5388.7 1821.8 11998.3 19208.775916
5388.7 1821.8 -2643.9 4566.532943
5388.7 1821.8 10921.5 18131.902252
5388.7 1821.8 -3155.0 4055.388665
5388.7 1821.8 -1127.3 6083.097780
5388.7 1821.8 -2904.2 4306.251429
5388.7 1821.8 2111.9 9322.303676
5388.7 1821.8 2124.5 9334.936119
5388.7 1821.8 -3241.2 3969.281213
5388.7 1821.8 8562.8 15773.193765
5388.7 1821.8 8374.2 15584.639431
5388.7 1821.8 2277.1 9487.549242
5388.7 1821.8 9704.4 16914.793876
5388.7 1821.8 1110.1 8320.511261
5388.7 1821.8 11910.5 19120.961317
5388.7 1821.8 -2158.2 5052.202556
5388.7 1821.8 -3723.3 3487.129862
5388.7 1821.8 1830.7 9041.117810
5388.7 1821.8 10508.5 17718.975320
5388.7 1821.8 2196.5 9406.943101
5388.7 6584.0 11998.3 23970.988496
5388.7 6584.0 -2643.9 9328.745523
5388.7 6584.0 10921.5 22894.114832
5388.7 6584.0 -3155.0 8817.601245
5388.7 6584.0 -1127.3 10845.310360
5388.7 6584.0 -2904.2 9068.464009
5388.7 6584.0 2111.9 14084.516256
5388.7 6584.0 2124.5 14097.148699
5388.7 6584.0 -3241.2 8731.493793
5388.7 6584.0 8562.8 20535.406345
5388.7 6584.0 8374.2 20346.852011
5388.7 6584.0 2277.1 14249.761822
5388.7 6584.0 9704.4 21677.006456
5388.7 6584.0 1110.1 13082.723841
5388.7 6584.0 11910.5 23883.173897
5388.7 6584.0 -2158.2 9814.415136
5388.7 6584.0 -3723.3 8249.342442
5388.7 6584.0 1830.7 13803.330390
5388.7 6584.0 10508.5 22481.187900
5388.7 6584.0 2196.5 14169.155681
5388.7 843.6 11998.3 18230.617534
5388.7 843.6 -2643.9 3588.374561
5388.7 843.6 10921.5 17153.743870
5388.7 843.6 -3155.0 3077.230283
5388.7 843.6 -1127.3 5104.939397
5388.7 843.6 -2904.2 3328.093046
5388.7 843.6 2111.9 8344.145294
5388.7 843.6 2124.5 8356.777737
5388.7 843.6 -3241.2 2991.122831
5388.7 843.6 8562.8 14795.035382
5388.7 843.6 8374.2 14606.481048
5388.7 843.6 2277.1 8509.390859
5388.7 843.6 9704.4 15936.635494
5388.7 843.6 1110.1 7342.352879
5388.7 843.6 11910.5 18142.802934
5388.7 843.6 -2158.2 4074.044174
5388.7 843.6 -3723.3 2508.971479
5388.7 843.6 1830.7 8062.959428
5388.7 843.6 10508.5 16740.816938
5388.7 843.6 2196.5 8428.784718
5388.7 5349.2 11998.3 22736.209874
5388.7 5349.2 -2643.9 8093.966901
5388.7 5349.2 10921.5 21659.336210
5388.7 5349.2 -3155.0 7582.822623
5388.7 5349.2 -1127.3 9610.531737
5388.7 5349.2 -2904.2 7833.685386
5388.7 5349.2 2111.9 12849.737634
5388.7 5349.2 2124.5 12862.370077
5388.7 5349.2 -3241.2 7496.715171
5388.7 5349.2 8562.8 19300.627723
5388.7 5349.2 8374.2 19112.073389
5388.7 5349.2 2277.1 13014.983200
5388.7 5349.2 9704.4 20442.227834
5388.7 5349.2 1110.1 11847.945219
5388.7 5349.2 11910.5 22648.395275
5388.7 5349.2 -2158.2 8579.636514
5388.7 5349.2 -3723.3 7014.563820
5388.7 5349.2 1830.7 12568.551768
5388.7 5349.2 10508.5 21246.409278
5388.7 5349.2 2196.5 12934.377058
5388.7 -3183.9 11998.3 14203.120565
5388.7 -3183.9 -2643.9 -439.122408
5388.7 -3183.9 10921.5 13126.246902
5388.7 -3183.9 -3155.0 -950.266685
5388.7 -3183.9 -1127.3 1077.442429
5388.7 -3183.9 -2904.2 -699.403922
5388.7 -3183.9 2111.9 4316.648326
5388.7 -3183.9 2124.5 4329.280768
5388.7 -3183.9 -3241.2 -1036.374137
5388.7 -3183.9 8562.8 10767.538414
5388.7 -3183.9 8374.2 10578.984080
5388.7 -3183.9 2277.1 4481.893891
5388.7 -3183.9 9704.4 11909.138526
5388.7 -3183.9 1110.1 3314.855911
5388.7 -3183.9 11910.5 14115.305966
5388.7 -3183.9 -2158.2 46.547205
5388.7 -3183.9 -3723.3 -1518.525489
5388.7 -3183.9 1830.7 4035.462460
5388.7 -3183.9 10508.5 12713.319969
5388.7 -3183.9 2196.5 4401.287750
5388.7 11753.9 11998.3 29140.883409
5388.7 11753.9 -2643.9 14498.640436
5388.7 11753.9 10921.5 28064.009745
5388.7 11753.9 -3155.0 13987.496158
5388.7 11753.9 -1127.3 16015.205272
5388.7 11753.9 -2904.2 14238.358921
5388.7 11753.9 2111.9 19254.411169
5388.7 11753.9 2124.5 19267.043612
5388.7 11753.9 -3241.2 13901.388706
5388.7 11753.9 8562.8 25705.301258
5388.7 11753.9 8374.2 25516.746923
5388.7 11753.9 2277.1 19419.656735
5388.7 11753.9 9704.4 26846.901369
5388.7 11753.9 1110.1 18252.618754
5388.7 11753.9 11910.5 29053.068810
5388.7 11753.9 -2158.2 14984.310049
5388.7 11753.9 -3723.3 13419.237354
5388.7 11753.9 1830.7 18973.225303
5388.7 11753.9 10508.5 27651.082813
5388.7 11753.9 2196.5 19339.050593
5388.7 5341.0 11998.3 22728.040340
5388.7 5341.0 -2643.9 8085.797367
5388.7 5341.0 10921.5 21651.166676
5388.7 5341.0 -3155.0 7574.653089
5388.7 5341.0 -1127.3 9602.362203
5388.7 5341.0 -2904.2 7825.515852
5388.7 5341.0 2111.9 12841.568100
5388.7 5341.0 2124.5 12854.200543
5388.7 5341.0 -3241.2 7488.545637
5388.7 5341.0 8562.8 19292.458189
5388.7 5341.0 8374.2 19103.903855
5388.7 5341.0 2277.1 13006.813666
5388.7 5341.0 9704.4 20434.058300
5388.7 5341.0 1110.1 11839.775685
5388.7 5341.0 11910.5 22640.225741
5388.7 5341.0 -2158.2 8571.466980
5388.7 5341.0 -3723.3 7006.394286
5388.7 5341.0 1830.7 12560.382234
5388.7 5341.0 10508.5 21238.239744
5388.7 5341.0 2196.5 12926.207524
5388.7 11133.2 11998.3 28520.169086
5388.7 11133.2 -2643.9 13877.926113
5388.7 11133.2 10921.5 27443.295422
5388.7 11133.2 -3155.0 13366.781835
5388.7 11133.2 -1127.3 15394.490949
5388.7 11133.2 -2904.2 13617.644598
5388.7 11133.2 2111.9 18633.696846
5388.7 11133.2 2124.5 18646.329289
5388.7 11133.2 -3241.2 13280.674383
5388.7 11133.2 8562.8 25084.586934
5388.7 11133.2 8374.2 24896.032600
5388.7 11133.2 2277.1 18798.942412
5388.7 11133.2 9704.4 26226.187046
5388.7 11133.2 1110.1 17631.904431
5388.7 11133.2 11910.5 28432.354487
5388.7 11133.2 -2158.2 14363.595726
5388.7 11133.2 -3723.3 12798.523031
5388.7 11133.2 1830.7 18352.510980
5388.7 11133.2 10508.5 27030.368490
5388.7 11133.2 2196.5 18718.336270
5388.7 7090.2 11998.3 24477.229274
5388.7 7090.2 -2643.9 9834.986301
5388.7 7090.2 10921.5 23400.355611
5388.7 7090.2 -3155.0 9323.842023
5388.7 7090.2 -1127.3 11351.551138
5388.7 7090.2 -2904.2 9574.704787
5388.7 7090.2 2111.9 14590.757035
5388.7 7090.2 2124.5 14603.389477
5388.7 7090.2 -3241.2 9237.734571
5388.7 7090.2 8562.8 21041.647123
5388.7 7090.2 8374.2 20853.092789
5388.7 7090.2 2277.1 14756.002600
5388.7 7090.2 9704.4 22183.247235
5388.7 7090.2 1110.1 13588.964620
5388.7 7090.2 11910.5 24389.414675
5388.7 7090.2 -2158.2 10320.655914
5388.7 7090.2 -3723.3 8755.583220
5388.7 7090.2 1830.7 14309.571169
5388.7 7090.2 10508.5 22987.428678
5388.7 7090.2 2196.5 14675.396459
5388.7 -3852.4 11998.3 13534.591665
5388.7 -3852.4 -2643.9 -1107.651308
5388.7 -3852.4 10921.5 12457.718002
5388.7 -3852.4 -3155.0 -1618.795586
5388.7 -3852.4 -1127.3 408.913529
5388.7 -3852.4 -2904.2 -1367.932822
5388.7 -3852.4 2111.9 3648.119426
5388.7 -3852.4 2124.5 3660.751868
5388.7 -3852.4 -3241.2 -1704.903038
5388.7 -3852.4 8562.8 10099.009514
5388.7 -3852.4 8374.2 9910.455180
5388.7 -3852.4 2277.1 3813.364991
5388.7 -3852.4 9704.4 11240.609626
5388.7 -3852.4 1110.1 2646.327011
5388.7 -3852.4 11910.5 13446.777066
5388.7 -3852.4 -2158.2 -621.981695
5388.7 -3852.4 -3723.3 -2187.054389
5388.7 -3852.4 1830.7 3366.933560
5388.7 -3852.4 10508.5 12044.791069
5388.7 -3852.4 2196.5 3732.758850
5388.7 -1698.7 11998.3 15688.299694
5388.7 -1698.7 -2643.9 1046.056721
5388.7 -1698.7 10921.5 14611.426030
5388.7 -1698.7 -3155.0 534.912443
5388.7 -1698.7 -1127.3 2562.621558
5388.7 -1698.7 -2904.2 785.775207
5388.7 -1698.7 2111.9 5801.827454
5388.7 -1698.7 2124.5 5814.459897
5388.7 -1698.7 -3241.2 448.804991
5388.7 -1698.7 8562.8 12252.717543
5388.7 -1698.7 8374.2 12064.163209
5388.7 -1698.7 2277.1 5967.073020
5388.7 -1698.7 9704.4 13394.317654
5388.7 -1698.7 1110.1 4800.035039
5388.7 -1698.7 11910.5 15600.485095
5388.7 -1698.7 -2158.2 1531.726334
5388.7 -1698.7 -3723.3 -33.346360
5388.7 -1698.7 1830.7 5520.641588
5388.7 -1698.7 10508.5 14198.499098
5388.7 -1698.7 2196.5 5886.466879
5388.7 7190.4 11998.3 24577.443125
5388.7 7190.4 -2643.9 9935.200152
5388.7 7190.4 10921.5 23500.569461
5388.7 7190.4 -3155.0 9424.055874
5388.7 7190.4 -1127.3 11451.764989
5388.7 7190.4 -2904.2 9674.918638
5388.7 7190.4 2111.9 14690.970885
5388.7 7190.4 2124.5 14703.603328
5388.7 7190.4 -3241.2 9337.948422
5388.7 7190.4 8562.8 21141.860974
5388.7 7190.4 8374.2 20953.306640
5388.7 7190.4 2277.1 14856.216451
5388.7 7190.4 9704.4 22283.461085
5388.7 7190.4 1110.1 13689.178470
5388.7 7190.4 11910.5 24489.628526
5388.7 7190.4 -2158.2 10420.869765
5388.7 7190.4 -3723.3 8855.797071
5388.7 7190.4 1830.7 14409.785019
5388.7 7190.4 10508.5 23087.642529
5388.7 7190.4 2196.5 14775.610310
5388.7 1523.8 11998.3 18910.761075
5388.7 1523.8 -2643.9 4268.518102
5388.7 1523.8 10921.5 17833.887411
5388.7 1523.8 -3155.0 3757.373824
5388.7 1523.8 -1127.3 5785.082938
5388.7 1523.8 -2904.2 4008.236587
5388.7 1523.8 2111.9 9024.288835
5388.7 1523.8 2124.5 9036.921278
5388.7 1523.8 -3241.2 3671.266372
5388.7 1523.8 8562.8 15475.178923
5388.7 1523.8 8374.2 15286.624589
5388.7 1523.8 2277.1 9189.534400
5388.7 1523.8 9704.4 16616.779035
5388.7 1523.8 1110.1 8022.496420
5388.7 1523.8 11910.5 18822.946475
5388.7 1523.8 -2158.2 4754.187715
5388.7 1523.8 -3723.3 3189.115020
5388.7 1523.8 1830.7 8743.102969
5388.7 1523.8 10508.5 17420.960479
5388.7 1523.8 2196.5 9108.928259
5388.7 4729.7 11998.3 22116.735142
5388.7 4729.7 -2643.9 7474.492169
5388.7 4729.7 10921.5 21039.861478
5388.7 4729.7 -3155.0 6963.347891
5388.7 4729.7 -1127.3 8991.057005
5388.7 4729.7 -2904.2 7214.210654
5388.7 4729.7 2111.9 12230.262902
5388.7 4729.7 2124.5 12242.895345
5388.7 4729.7 -3241.2 6877.240439
5388.7 4729.7 8562.8 18681.152991
5388.7 4729.7 8374.2 18492.598656
5388.7 4729.7 2277.1 12395.508468
5388.7 4729.7 9704.4 19822.753102
5388.7 4729.7 1110.1 11228.470487
5388.7 4729.7 11910.5 22028.920543
5388.7 4729.7 -2158.2 7960.161782
5388.7 4729.7 -3723.3 6395.089088
5388.7 4729.7 1830.7 11949.077036
5388.7 4729.7 10508.5 20626.934546
5388.7 4729.7 2196.5 12314.902326
5388.7 4018.6 11998.3 21405.624676
5388.7 4018.6 -2643.9 6763.381703
5388.7 4018.6 10921.5 20328.751013
5388.7 4018.6 -3155.0 6252.237426
5388.7 4018.6 -1127.3 8279.946540
5388.7 4018.6 -2904.2 6503.100189
5388.7 4018.6 2111.9 11519.152437
5388.7 4018.6 2124.5 11531.784879
5388.7 4018.6 -3241.2 6166.129974
5388.7 4018.6 8562.8 17970.042525
5388.7 4018.6 8374.2 17781.488191
5388.7 4018.6 2277.1 11684.398002
5388.7 4018.6 9704.4 19111.642637
5388.7 4018.6 1110.1 10517.360022
5388.7 4018.6 11910.5 21317.810077
5388.7 4018.6 -2158.2 7249.051316
5388.7 4018.6 -3723.3 5683.978622
5388.7 4018.6 1830.7 11237.966571
5388.7 4018.6 10508.5 19915.824080
5388.7 4018.6 2196.5 11603.791861
8435.9 3708.1 11998.3 24142.313795
8435.9 3708.1 -2643.9 9500.070823
8435.9 3708.1 10921.5 23065.440132
8435.9 3708.1 -3155.0 8988.926545
8435.9 3708.1 -1127.3 11016.635659
8435.9 3708.1 -2904.2 9239.789308
8435.9 3708.1 2111.9 14255.841556
8435.9 3708.1 2124.5 14268.473999
8435.9 3708.1 -3241.2 8902.819093
8435.9 3708.1 8562.8 20706.731644
8435.9 3708.1 8374.2 20518.177310
8435.9 3708.1 2277.1 14421.087121
8435.9 3708.1 9704.4 21848.331756
8435.9 3708.1 1110.1 13254.049141
8435.9 3708.1 11910.5 24054.499196
8435.9 3708.1 -2158.2 9985.740435
8435.9 3708.1 -3723.3 8420.667741
8435.9 3708.1 1830.7 13974.655690
8435.9 3708.1 10508.5 22652.513199
8435.9 3708.1 2196.5 14340.480980
8435.9 -485.5 11998.3 19948.741763
8435.9 -485.5 -2643.9 5306.498790
8435.9 -485.5 10921.5 18871.868099
8435.9 -485.5 -3155.0 4795.354512
8435.9 -485.5 -1127.3 6823.063626
8435.9 -485.5 -2904.2 5046.217275
8435.9 -485.5 2111.9 10062.269523
8435.9 -485.5 2124.5 10074.901966
8435.9 -485.5 -3241.2 4709.247060
8435.9 -485.5 8562.8 16513.159612
8435.9 -485.5 8374.2 16324.605277
8435.9 -485.5 2277.1 10227.515089
8435.9 -485.5 9704.4 17654.759723
8435.9 -485.5 1110.1 9060.477108
8435.9 -485.5 11910.5 19860.927164
8435.9 -485.5 -2158.2 5792.168403
8435.9 -485.5 -3723.3 4227.095708
8435.9 -485.5 1830.7 9781.083657
8435.9 -485.5 10508.5 18458.941167
8435.9 -485.5 2196.5 10146.908947
8435.9 2727.4 11998.3 23161.589448
8435.9 2727.4 -2643.9 8519.346475
8435.9 2727.4 10921.5 22084.715785
8435.9 2727.4 -3155.0 8008.202197
8435.9 2727.4 -1127.3 10035.911312
8435.9 2727.4 -2904.2 8259.064961
8435.9 2727.4 2111.9 13275.117209
8435.9 2727.4 2124.5 13287.749651
8435.9 2727.4 -3241.2 7922.094745
8435.9 2727.4 8562.8 19726.007297
8435.9 2727.4 8374.2 19537.452963
8435.9 2727.4 2277.1 13440.362774
8435.9 2727.4 9704.4 20867.607409
8435.9 2727.4 1110.1 12273.324794
8435.9 2727.4 11910.5 23073.774849
8435.9 2727.4 -2158.2 9005.016088
8435.9 2727.4 -3723.3 7439.943394
8435.9 2727.4 1830.7 12993.931343
8435.9 2727.4 10508.5 21671.788852
8435.9 2727.4 2196.5 13359.756633
8435.9 5379.4 11998.3 25813.634792
8435.9 5379.4 -2643.9 11171.391819
8435.9 5379.4 10921.5 24736.761128
8435.9 5379.4 -3155.0 10660.247541
8435.9 5379.4 -1127.3 12687.956655
8435.9 5379.4 -2904.2 10911.110304
8435.9 5379.4 2111.9 15927.162552
8435.9 5379.4 2124.5 15939.794995
8435.9 5379.4 -3241.2 10574.140089
8435.9 5379.4 8562.8 22378.052641
8435.9 5379.4 8374.2 22189.498307
8435.9 5379.4 2277.1 16092.408118
8435.9 5379.4 9704.4 23519.652752
8435.9 5379.4 1110.1 14925.370137
8435.9 5379.4 11910.5 25725.820193
8435.9 5379.4 -2158.2 11657.061432
8435.9 5379.4 -3723.3 10091.988738
8435.9 5379.4 1830.7 15645.976686
8435.9 5379.4 10508.5 24323.834196
8435.9 5379.4 2196.5 16011.801977
8435.9 -3670.9 11998.3 16763.309563
8435.9 -3670.9 -2643.9 2121.066590
8435.9 -3670.9 10921.5 15686.435899
8435.9 -3670.9 -3155.0 1609.922312
8435.9 -3670.9 -1127.3 3637.631426
8435.9 -3670.9 -2904.2 1860.785075
8435.9 -3670.9 2111.9 6876.837323
8435.9 -3670.9 2124.5 6889.469766
8435.9 -3670.9 -3241.2 1523.814860
8435.9 -3670.9 8562.8 13327.727411
8435.9 -3670.9 8374.2 13139.173077
8435.9 -3670.9 2277.1 7042.082888
8435.9 -3670.9 9704.4 14469.327523
8435.9 -3670.9 1110.1 5875.044908
8435.9 -3670.9 11910.5 16675.494963
8435.9 -3670.9 -2158.2 2606.736203
8435.9 -3670.9 -3723.3 1041.663508
8435.9 -3670.9 1830.7 6595.651457
8435.9 -3670.9 10508.5 15273.508967
8435.9 -3670.9 2196.5 6961.476747
8435.9 1821.8 11998.3 22255.993446
8435.9 1821.8 -2643.9 7613.750473
8435.9 1821.8 10921.5 21179.119782
8435.9 1821.8 -3155.0 7102.606195
8435.9 1821.8 -1127.3 9130.315310
8435.9 1821.8 -2904.2 7353.468959
8435.9 1821.8 2111.9 12369.521206
8435.9 1821.8 2124.5 12382.153649
8435.9 1821.8 -3241.2 7016.498743
8435.9 1821.8 8562.8 18820.411295
8435.9 1821.8 8374.2 18631.856961
8435.9 1821.8 2277.1 12534.766772
8435.9 1821.8 9704.4 19962.011406
8435.9 1821.8 1110.1 11367.728791
8435.9 1821.8 11910.5 22168.178847
8435.9 1821.8 -2158.2 8099.420086
8435.9 1821.8 -3723.3 6534.347392
8435.9 1821.8 1830.7 12088.335340
8435.9 1821.8 10508.5 20766.192850
8435.9 1821.8 2196.5 12454.160631
8435.9 6584.0 11998.3 27018.206026
8435.9 6584.0 -2643.9 12375.963053
8435.9 6584.0 10921.5 25941.332362
8435.9 6584.0 -3155.0 11864.818775
8435.9 6584.0 -1127.3 13892.527889
8435.9 6584.0 -2904.2 12115.681538
8435.9 6584.0 2111.9 17131.733786
8435.9 6584.0 2124.5 17144.366229
8435.9 6584.0 -3241.2 11778.711323
8435.9 6584.0 8562.8 23582.623875
8435.9 6584.0 8374.2 23394.069541
8435.9 6584.0 2277.1 17296.979352
8435.9 6584.0 9704.4 24724.223986
8435.9 6584.0 1110.1 16129.941371
8435.9 6584.0 11910.5 26930.391427
8435.9 6584.0 -2158.2 12861.632666
8435.9 6584.0 -3723.3 11296.559972
8435.9 6584.0 1830.7 16850.547920
8435.9 6584.0 10508.5 25528.405430
8435.9 6584.0 2196.5 17216.373210
8435.9 843.6 11998.3 21277.835063
8435.9 843.6 -2643.9 6635.592091
8435.9 843.6 10921.5 20200.961400
8435.9 843.6 -3155.0 6124.447813
8435.9 843.6 -1127.3 8152.156927
8435.9 843.6 -2904.2 6375.310576
8435.9 843.6 2111.9 11391.362824
8435.9 843.6 2124.5 11403.995267
8435.9 843.6 -3241.2 6038.340361
8435.9 843.6 8562.8 17842.252912
8435.9 843.6 8374.2 17653.698578
8435.9 843.6 2277.1 11556.608389
8435.9 843.6 9704.4 18983.853024
8435.9 843.6 1110.1 10389.570409
8435.9 843.6 11910.5 21190.020464
8435.9 843.6 -2158.2 7121.261703
8435.9 843.6 -3723.3 5556.189009
8435.9 843.6 1830.7 11110.176958
8435.9 843.6 10508.5 19788.034467
8435.9 843.6 2196.5 11476.002248
8435.9 5349.2 11998.3 25783.427404
8435.9 5349.2 -2643.9 11141.184431
8435.9 5349.2 10921.5 24706.553740
8435.9 5349.2 -3155.0 10630.040153
8435.9 5349.2 -1127.3 12657.749267
8435.9 5349.2 -2904.2 10880.902916
8435.9 5349.2 2111.9 15896.955164
8435.9 5349.2 2124.5 15909.587607
8435.9 5349.2 -3241.2 10543.932701
8435.9 5349.2 8562.8 22347.845252
8435.9 5349.2 8374.2 22159.290918
8435.9 5349.2 2277.1 16062.200730
8435.9 5349.2 9704.4 23489.445364
8435.9 5349.2 1110.1 14895.162749
8435.9 5349.2 11910.5 25695.612804
8435.9 5349.2 -2158.2 11626.854044
8435.9 5349.2 -3723.3 10061.781349
8435.9 5349.2 1830.7 15615.769298
8435.9 5349.2 10508.5 24293.626808
8435.9 5349.2 2196.5 15981.594588
8435.9 -3183.9 11998.3 17250.338095
8435.9 -3183.9 -2643.9 2608.095122
8435.9 -3183.9 10921.5 16173.464432
8435.9 -3183.9 -3155.0 2096.950844
8435.9 -3183.9 -1127.3 4124.659959
8435.9 -3183.9 -2904.2 2347.813608
8435.9 -3183.9 2111.9 7363.865856
8435.9 -3183.9 2124.5 7376.498298
8435.9 -3183.9 -3241.2 2010.843392
8435.9 -3183.9 8562.8 13814.755944
8435.9 -3183.9 8374.2 13626.201610
8435.9 -3183.9 2277.1 7529.111421
8435.9 -3183.9 9704.4 14956.356055
8435.9 -3183.9 1110.1 6362.073441
8435.9 -3183.9 11910.5 17162.523496
8435.9 -3183.9 -2158.2 3093.764735
8435.9 -3183.9 -3723.3 1528.692041
8435.9 -3183.9 1830.7 7082.679990
8435.9 -3183.9 10508.5 15760.537499
8435.9 -3183.9 2196.5 7448.505280
8435.9 11753.9 11998.3 32188.100939
8435.9 11753.9 -2643.9 17545.857966
8435.9 11753.9 10921.5 31111.227275
8435.9 11753.9 -3155.0 17034.713688
8435.9 11753.9 -1127.3 19062.422802
8435.9 11753.9 -2904.2 17285.576451
8435.9 11753.9 2111.9 22301.628699
8435.9 11753.9 2124.5 22314.261142
8435.9 11753.9 -3241.2 16948.606236
8435.9 11753.9 8562.8 28752.518787
8435.9 11753.9 8374.2 28563.964453
8435.9 11753.9 2277.1 22466.874264
8435.9 11753.9 9704.4 29894.118899
8435.9 11753.9 1110.1 21299.836284
8435.9 11753.9 11910.5 32100.286339
8435.9 11753.9 -2158.2 18031.527579
8435.9 11753.9 -3723.3 16466.454884
8435.9 11753.9 1830.7 22020.442833
8435.9 11753.9 10508.5 30698.300343
8435.9 11753.9 2196.5 22386.268123
8435.9 5341.0 11998.3 25775.257870
8435.9 5341.0 -2643.9 11133.014897
8435.9 5341.0 10921.5 24698.384206
8435.9 5341.0 -3155.0 10621.870619
8435.9 5341.0 -1127.3 12649.579733
8435.9 5341.0 -2904.2 10872.733382
8435.9 5341.0 2111.9 15888.785630
8435.9 5341.0 2124.5 15901.418073
8435.9 5341.0 -3241.2 10535.763167
8435.9 5341.0 8562.8 22339.675718
8435.9 5341.0 8374.2 22151.121384
8435.9 5341.0 2277.1 16054.031196
8435.9 5341.0 9704.4 23481.275830
8435.9 5341.0 1110.1 14886.993215
8435.9 5341.0 11910.5 25687.443271
8435.9 5341.0 -2158.2 11618.684510
8435.9 5341.0 -3723.3 10053.611815
8435.9 5341.0 1830.7 15607.599764
8435.9 5341.0 10508.5 24285.457274
8435.9 5341.0 2196.5 15973.425054
8435.9 11133.2 11998.3 31567.386616
8435.9 11133.2 -2643.9 16925.143643
8435.9 11133.2 10921.5 30490.512952
8435.9 11133.2 -3155.0 16413.999365
8435.9 11133.2 -1127.3 18441.708479
8435.9 11133.2 -2904.2 16664.862128
8435.9 11133.2 2111.9 21680.914376
8435.9 11133.2 2124.5 21693.546819
8435.9 11133.2 -3241.2 16327.891913
8435.9 11133.2 8562.8 28131.804464
8435.9 11133.2 8374.2 27943.250130
8435.9 11133.2 2277.1 21846.159941
8435.9 11133.2 9704.4 29273.404576
8435.9 11133.2 1110.1 20679.121961
8435.9 11133.2 11910.5 31479.572016
8435.9 11133.2 -2158.2 17410.813256
8435.9 11133.2 -3723.3 15845.740561
8435.9 11133.2 1830.7 21399.728510
8435.9 11133.2 10508.5 30077.586020
8435.9 11133.2 2196.5 21765.553800
8435.9 7090.2 11998.3 27524.446804
8435.9 7090.2 -2643.9 12882.203831
8435.9 7090.2 10921.5 26447.573141
8435.9 7090.2 -3155.0 12371.059553
8435.9 7090.2 -1127.3 14398.768668
8435.9 7090.2 -2904.2 12621.922317
8435.9 7090.2 2111.9 17637.974565
8435.9 7090.2 2124.5 17650.607007
8435.9 7090.2 -3241.2 12284.952101
8435.9 7090.2 8562.8 24088.864653
8435.9 7090.2 8374.2 23900.310319
8435.9 7090.2 2277.1 17803.220130
8435.9 7090.2 9704.4 25230.464764
8435.9 7090.2 1110.1 16636.182150
8435.9 7090.2 11910.5 27436.632205
8435.9 7090.2 -2158.2 13367.873444
8435.9 7090.2 -3723.3 11802.800750
8435.9 7090.2 1830.7 17356.788699
8435.9 7090.2 10508.5 26034.646208
8435.9 7090.2 2196.5 17722.613989
8435.9 -3852.4 11998.3 16581.809195
8435.9 -3852.4 -2643.9 1939.566222
8435.9 -3852.4 10921.5 15504.935531
8435.9 -3852.4 -3155.0 1428.421944
8435.9 -3852.4 -1127.3 3456.131059
8435.9 -3852.4 -2904.2 1679.284708
8435.9 -3852.4 2111.9 6695.336955
8435.9 -3852.4 2124.5 6707.969398
8435.9 -3852.4 -3241.2 1342.314492
8435.9 -3852.4 8562.8 13146.227044
8435.9 -3852.4 8374.2 12957.672710
8435.9 -3852.4 2277.1 6860.582521
8435.9 -3852.4 9704.4 14287.827155
8435.9 -3852.4 1110.1 5693.544541
8435.9 -3852.4 11910.5 16493.994596
8435.9 -3852.4 -2158.2 2425.235835
8435.9 -3852.4 -3723.3 860.163141
8435.9 -3852.4 1830.7 6414.151089
8435.9 -3852.4 10508.5 15092.008599
8435.9 -3852.4 2196.5 6779.976380
8435.9 -1698.7 11998.3 18735.517224
8435.9 -1698.7 -2643.9 4093.274251
8435.9 -1698.7 10921.5 17658.643560
8435.9 -1698.7 -3155.0 3582.129973
8435.9 -1698.7 -1127.3 5609.839088
8435.9 -1698.7 -2904.2 3832.992737
8435.9 -1698.7 2111.9 8849.044984
8435.9 -1698.7 2124.5 8861.677427
8435.9 -1698.7 -3241.2 3496.022521
8435.9 -1698.7 8562.8 15299.935073
8435.9 -1698.7 8374.2 15111.380739
8435.9 -1698.7 2277.1 9014.290550
8435.9 -1698.7 9704.4 16441.535184
8435.9 -1698.7 1110.1 7847.252569
8435.9 -1698.7 11910.5 18647.702625
8435.9 -1698.7 -2158.2 4578.943864
8435.9 -1698.7 -3723.3 3013.871170
8435.9 -1698.7 1830.7 8567.859118
8435.9 -1698.7 10508.5 17245.716628
8435.9 -1698.7 2196.5 8933.684409
8435.9 7190.4 11998.3 27624.660655
8435.9 7190.4 -2643.9 12982.417682
8435.9 7190.4 10921.5 26547.786991
8435.9 7190.4 -3155.0 12471.273404
8435.9 7190.4 -1127.3 14498.982519
8435.9 7190.4 -2904.2 12722.136168
8435.9 7190.4 2111.9 17738.188415
8435.9 7190.4 2124.5 17750.820858
8435.9 7190.4 -3241.2 12385.165952
8435.9 7190.4 8562.8 24189.078504
8435.9 7190.4 8374.2 24000.524170
8435.9 7190.4 2277.1 17903.433981
8435.9 7190.4 9704.4 25330.678615
8435.9 7190.4 1110.1 16736.396000
8435.9 7190.4 11910.5 27536.846056
8435.9 7190.4 -2158.2 13468.087295
8435.9 7190.4 -3723.3 11903.014601
8435.9 7190.4 1830.7 17457.002549
8435.9 7190.4 10508.5 26134.860059
8435.9 7190.4 2196.5 17822.827840
8435.9 1523.8 11998.3 21957.978604
8435.9 1523.8 -2643.9 7315.735632
8435.9 1523.8 10921.5 20881.104941
8435.9 1523.8 -3155.0 6804.591354
8435.9 1523.8 -1127.3 8832.300468
8435.9 1523.8 -2904.2 7055.454117
8435.9 1523.8 2111.9 12071.506365
8435.9 1523.8 2124.5 12084.138808
8435.9 1523.8 -3241.2 6718.483902
8435.9 1523.8 8562.8 18522.396453
8435.9 1523.8 8374.2 18333.842119
8435.9 1523.8 2277.1 12236.751930
8435.9 1523.8 9704.4 19663.996565
8435.9 1523.8 1110.1 11069.713950
8435.9 1523.8 11910.5 21870.164005
8435.9 1523.8 -2158.2 7801.405244
8435.9 1523.8 -3723.3 6236.332550
8435.9 1523.8 1830.7 11790.320499
8435.9 1523.8 10508.5 20468.178008
8435.9 1523.8 2196.5 12156.145789
8435.9 4729.7 11998.3 25163.952672
8435.9 4729.7 -2643.9 10521.709699
8435.9 4729.7 10921.5 24087.079008
8435.9 4729.7 -3155.0 10010.565421
8435.9 4729.7 -1127.3 12038.274535
8435.9 4729.7 -2904.2 10261.428184
8435.9 4729.7 2111.9 15277.480432
8435.9 4729.7 2124.5 15290.112875
8435.9 4729.7 -3241.2 9924.457969
8435.9 4729.7 8562.8 21728.370520
8435.9 4729.7 8374.2 21539.816186
8435.9 4729.7 2277.1 15442.725998
8435.9 4729.7 9704.4 22869.970632
8435.9 4729.7 1110.1 14275.688017
8435.9 4729.7 11910.5 25076.138072
8435.9 4729.7 -2158.2 11007.379312
8435.9 4729.7 -3723.3 9442.306617
8435.9 4729.7 1830.7 14996.294566
8435.9 4729.7 10508.5 23674.152076
8435.9 4729.7 2196.5 15362.119856
8435.9 4018.6 11998.3 24452.842206
8435.9 4018.6 -2643.9 9810.599233
8435.9 4018.6 10921.5 23375.968543
8435.9 4018.6 -3155.0 9299.454955
8435.9 4018.6 -1127.3 11327.164070
8435.9 4018.6 -2904.2 9550.317719
8435.9 4018.6 2111.9 14566.369967
8435.9 4018.6 2124.5 14579.002409
8435.9 4018.6 -3241.2 9213.347503
8435.9 4018.6 8562.8 21017.260055
8435.9 4018.6 8374.2 20828.705721
8435.9 4018.6 2277.1 14731.615532
8435.9 4018.6 9704.4 22158.860167
8435.9 4018.6 1110.1 13564.577552
8435.9 4018.6 11910.5 24365.027607
8435.9 4018.6 -2158.2 10296.268846
8435.9 4018.6 -3723.3 8731.196152
8435.9 4018.6 1830.7 14285.184101
8435.9 4018.6 10508.5 22963.041610
8435.9 4018.6 2196.5 14651.009391
3335.5 3708.1 11998.3 19041.942283
3335.5 3708.1 -2643.9 4399.699311
3335.5 3708.1 10921.5 17965.068620
3335.5 3708.1 -3155.0 3888.555033
3335.5 3708.1 -1127.3 5916.264147
3335.5 3708.1 -2904.2 4139.417796
3335.5 3708.1 2111.9 9155.470044
3335.5 3708.1 2124.5 9168.102487
3335.5 3708.1 -3241.2 3802.447581
3335.5 3708.1 8562.8 15606.360132
3335.5 3708.1 8374.2 15417.805798
3335.5 3708.1 2277.1 9320.715609
3335.5 3708.1 9704.4 16747.960244
3335.5 3708.1 1110.1 8153.677629
3335.5 3708.1 11910.5 18954.127684
3335.5 3708.1 -2158.2 4885.368923
3335.5 3708.1 -3723.3 3320.296229
3335.5 3708.1 1830.7 8874.284178
3335.5 3708.1 10508.5 17552.141687
3335.5 3708.1 2196.5 9240.109468
3335.5 -485.5 11998.3 14848.370251
3335.5 -485.5 -2643.9 206.127278
3335.5 -485.5 10921.5 13771.496587
3335.5 -485.5 -3155.0 -305.017000
3335.5 -485.5 -1127.3 1722.692114
3335.5 -485.5 -2904.2 -54.154237
3335.5 -485.5 2111.9 4961.898011
3335.5 -485.5 2124.5 4974.530454
3335.5 -485.5 -3241.2 -391.124452
3335.5 -485.5 8562.8 11412.788100
3335.5 -485.5 8374.2 11224.233766
3335.5 -485.5 2277.1 5127.143577
3335.5 -485.5 9704.4 12554.388211
3335.5 -485.5 1110.1 3960.105596
3335.5 -485.5 11910.5 14760.555652
3335.5 -485.5 -2158.2 691.796891
3335.5 -485.5 -3723.3 -873.275803
3335.5 -485.5 1830.7 4680.712145
3335.5 -485.5 10508.5 13358.569655
3335.5 -485.5 2196.5 5046.537436
3335.5 2727.4 11998.3 18061.217936
3335.5 2727.4 -2643.9 3418.974963
3335.5 2727.4 10921.5 16984.344273
3335.5 2727.4 -3155.0 2907.830686
3335.5 2727.4 -1127.3 4935.539800
3335.5 2727.4 -2904.2 3158.693449
3335.5 2727.4 2111.9 8174.745697
3335.5 2727.4 2124.5 8187.378139
3335.5 2727.4 -3241.2 2821.723234
3335.5 2727.4 8562.8 14625.635785
3335.5 2727.4 8374.2 14437.081451
3335.5 2727.4 2277.1 8339.991262
3335.5 2727.4 9704.4 15767.235897
3335.5 2727.4 1110.1 7172.953282
3335.5 2727.4 11910.5 17973.403337
3335.5 2727.4 -2158.2 3904.644576
3335.5 2727.4 -3723.3 2339.571882
3335.5 2727.4 1830.7 7893.559831
3335.5 2727.4 10508.5 16571.417340
3335.5 2727.4 2196.5 8259.385121
3335.5 5379.4 11998.3 20713.263280
3335.5 5379.4 -2643.9 6071.020307
3335.5 5379.4 10921.5 19636.389616
3335.5 5379.4 -3155.0 5559.876029
3335.5 5379.4 -1127.3 7587.585144
3335.5 5379.4 -2904.2 5810.738793
3335.5 5379.4 2111.9 10826.791040
3335.5 5379.4 2124.5 10839.423483
3335.5 5379.4 -3241.2 5473.768577
3335.5 5379.4 8562.8 17277.681129
3335.5 5379.4 8374.2 17089.126795
3335.5 5379.4 2277.1 10992.036606
3335.5 5379.4 9704.4 18419.281240
3335.5 5379.4 1110.1 9824.998625
3335.5 5379.4 11910.5 20625.448681
3335.5 5379.4 -2158.2 6556.689920
3335.5 5379.4 -3723.3 4991.617226
3335.5 5379.4 1830.7 10545.605174
3335.5 5379.4 10508.5 19223.462684
3335.5 5379.4 2196.5 10911.430465
3335.5 -3670.9 11998.3 11662.938051
3335.5 -3670.9 -2643.9 -2979.304922
3335.5 -3670.9 10921.5 10586.064387
3335.5 -3670.9 -3155.0 -3490.449200
3335.5 -3670.9 -1127.3 -1462.740086
3335.5 -3670.9 -2904.2 -3239.586437
3335.5 -3670.9 2111.9 1776.465811
3335.5 -3670.9 2124.5 1789.098254
3335.5 -3670.9 -3241.2 -3576.556652
3335.5 -3670.9 8562.8 8227.355899
3335.5 -3670.9 8374.2 8038.801565
3335.5 -3670.9 2277.1 1941.711376
3335.5 -3670.9 9704.4 9368.956011
3335.5 -3670.9 1110.1 774.673396
3335.5 -3670.9 11910.5 11575.123451
3335.5 -3670.9 -2158.2 -2493.635309
3335.5 -3670.9 -3723.3 -4058.708004
3335.5 -3670.9 1830.7 1495.279945
3335.5 -3670.9 10508.5 10173.137455
3335.5 -3670.9 2196.5 1861.105235
3335.5 1821.8 11998.3 17155.621934
3335.5 1821.8 -2643.9 2513.378961
3335.5 1821.8 10921.5 16078.748270
3335.5 1821.8 -3155.0 2002.234683
3335.5 1821.8 -1127.3 4029.943798
3335.5 1821.8 -2904.2 2253.097447
3335.5 1821.8 2111.9 7269.149694
3335.5 1821.8 2124.5 7281.782137
3335.5 1821.8 -3241.2 1916.127231
3335.5 1821.8 8562.8 13720.039783
3335.5 1821.8 8374.2 13531.485449
3335.5 1821.8 2277.1 7434.395260
3335.5 1821.8 9704.4 14861.639894
3335.5 1821.8 1110.1 6267.357279
3335.5 1821.8 11910.5 17067.807335
3335.5 1821.8 -2158.2 2999.048574
3335.5 1821.8 -3723.3 1433.975880
3335.5 1821.8 1830.7 6987.963828
3335.5 1821.8 10508.5 15665.821338
3335.5 1821.8 2196.5 7353.789119
3335.5 6584.0 11998.3 21917.834514
3335.5 6584.0 -2643.9 7275.591541
3335.5 6584.0 10921.5 20840.960850
3335.5 6584.0 -3155.0 6764.447263
3335.5 6584.0 -1127.3 8792.156378
3335.5 6584.0 -2904.2 7015.310027
3335.5 6584.0 2111.9 12031.362274
3335.5 6584.0 2124.5 12043.994717
3335.5 6584.0 -3241.2 6678.339811
3335.5 6584.0 8562.8 18482.252363
3335.5 6584.0 8374.2 18293.698029
3335.5 6584.0 2277.1 12196.607840
3335.5 6584.0 9704.4 19623.852474
3335.5 6584.0 1110.1 11029.569859
3335.5 6584.0 11910.5 21830.019915
3335.5 6584.0 -2158.2 7761.261154
3335.5 6584.0 -3723.3 6196.188460
3335.5 6584.0 1830.7 11750.176408
3335.5 6584.0 10508.5 20428.033918
3335.5 6584.0 2196.5 12116.001699
3335.5 843.6 11998.3 16177.463552
3335.5 843.6 -2643.9 1535.220579
3335.5 843.6 10921.5 15100.589888
3335.5 843.6 -3155.0 1024.076301
3335.5 843.6 -1127.3 3051.785415
3335.5 843.6 -2904.2 1274.939064
3335.5 843.6 2111.9 6290.991312
3335.5 843.6 2124.5 6303.623755
3335.5 843.6 -3241.2 937.968849
3335.5 843.6 8562.8 12741.881400
3335.5 843.6 8374.2 12553.327066
3335.5 843.6 2277.1 6456.236877
3335.5 843.6 9704.4 13883.481512
3335.5 843.6 1110.1 5289.198897
3335.5 843.6 11910.5 16089.648952
3335.5 843.6 -2158.2 2020.890192
3335.5 843.6 -3723.3 455.817497
3335.5 843.6 1830.7 6009.805446
3335.5 843.6 10508.5 14687.662956
3335.5 843.6 2196.5 6375.630736
3335.5 5349.2 11998.3 20683.055892
3335.5 5349.2 -2643.9 6040.812919
3335.5 5349.2 10921.5 19606.182228
3335.5 5349.2 -3155.0 5529.668641
3335.5 5349.2 -1127.3 7557.377755
3335.5 5349.2 -2904.2 5780.531404
3335.5 5349.2 2111.9 10796.583652
3335.5 5349.2 2124.5 10809.216095
3335.5 5349.2 -3241.2 5443.561189
3335.5 5349.2 8562.8 17247.473741
3335.5 5349.2 8374.2 17058.919406
3335.5 5349.2 2277.1 10961.829218
3335.5 5349.2 9704.4 18389.073852
3335.5 5349.2 1110.1 9794.791237
3335.5 5349.2 11910.5 20595.241293
3335.5 5349.2 -2158.2 6526.482532
3335.5 5349.2 -3723.3 4961.409837
3335.5 5349.2 1830.7 10515.397786
3335.5 5349.2 10508.5 19193.255296
3335.5 5349.2 2196.5 10881.223076
3335.5 -3183.9 11998.3 12149.966583
3335.5 -3183.9 -2643.9 -2492.276390
3335.5 -3183.9 10921.5 11073.092920
3335.5 -3183.9 -3155.0 -3003.420668
3335.5 -3183.9 -1127.3 -975.711553
3335.5 -3183.9 -2904.2 -2752.557904
3335.5 -3183.9 2111.9 2263.494344
3335.5 -3183.9 2124.5 2276.126786
3335.5 -3183.9 -3241.2 -3089.528120
3335.5 -3183.9 8562.8 8714.384432
3335.5 -3183.9 8374.2 8525.830098
3335.5 -3183.9 2277.1 2428.739909
3335.5 -3183.9 9704.4 9855.984544
3335.5 -3183.9 1110.1 1261.701929
3335.5 -3183.9 11910.5 12062.151984
3335.5 -3183.9 -2158.2 -2006.606777
3335.5 -3183.9 -3723.3 -3571.679471
3335.5 -3183.9 1830.7 1982.308478
3335.5 -3183.9 10508.5 10660.165987
3335.5 -3183.9 2196.5 2348.133768
3335.5 11753.9 11998.3 27087.729427
3335.5 11753.9 -2643.9 12445.486454
3335.5 11753.9 10921.5 26010.855763
3335.5 11753.9 -3155.0 11934.342176
3335.5 11753.9 -1127.3 13962.051290
3335.5 11753.9 -2904.2 12185.204939
3335.5 11753.9 2111.9 17201.257187
3335.5 11753.9 2124.5 17213.889630
3335.5 11753.9 -3241.2 11848.234724
3335.5 11753.9 8562.8 23652.147275
3335.5 11753.9 8374.2 23463.592941
3335.5 11753.9 2277.1 17366.502753
3335.5 11753.9 9704.4 24793.747387
3335.5 11753.9 1110.1 16199.464772
3335.5 11753.9 11910.5 26999.914828
3335.5 11753.9 -2158.2 12931.156067
3335.5 11753.9 -3723.3 11366.083372
3335.5 11753.9 1830.7 16920.071321
3335.5 11753.9 10508.5 25597.928831
3335.5 11753.9 2196.5 17285.896611
3335.5 5341.0 11998.3 20674.886358
3335.5 5341.0 -2643.9 6032.643385
3335.5 5341.0 10921.5 19598.012694
3335.5 5341.0 -3155.0 5521.499107
3335.5 5341.0 -1127.3 7549.208221
3335.5 5341.0 -2904.2 5772.361870
3335.5 5341.0 2111.9 10788.414118
3335.5 5341.0 2124.5 10801.046561
3335.5 5341.0 -3241.2 5435.391655
3335.5 5341.0 8562.8 17239.304207
3335.5 5341.0 8374.2 17050.749873
3335.5 5341.0 2277.1 10953.659684
3335.5 5341.0 9704.4 18380.904318
3335.5 5341.0 1110.1 9786.621703
3335.5 5341.0 11910.5 20587.071759
3335.5 5341.0 -2158.2 6518.312998
3335.5 5341.0 -3723.3 4953.240304
3335.5 5341.0 1830.7 10507.228252
3335.5 5341.0 10508.5 19185.085762
3335.5 5341.0 2196.5 10873.053542
3335.5 11133.2 11998.3 26467.015104
3335.5 11133.2 -2643.9 11824.772131
3335.5 11133.2 10921.5 25390.141440
3335.5 11133.2 -3155.0 11313.627853
3335.5 11133.2 -1127.3 13341.336967
3335.5 11133.2 -2904.2 11564.490616
3335.5 11133.2 2111.9 16580.542864
3335.5 11133.2 2124.5 16593.175307
3335.5 11133.2 -3241.2 11227.520401
3335.5 11133.2 8562.8 23031.432952
3335.5 11133.2 8374.2 22842.878618
3335.5 11133.2 2277.1 16745.788430
3335.5 11133.2 9704.4 24173.033064
3335.5 11133.2 1110.1 15578.750449
3335.5 11133.2 11910.5 26379.200504
3335.5 11133.2 -2158.2 12310.441744
3335.5 11133.2 -3723.3 10745.369049
3335.5 11133.2 1830.7 16299.356998
3335.5 11133.2 10508.5 24977.214508
3335.5 11133.2 2196.5 16665.182288
3335.5 7090.2 11998.3 22424.075292
3335.5 7090.2 -2643.9 7781.832319
3335.5 7090.2 10921.5 21347.201629
3335.5 7090.2 -3155.0 7270.688041
3335.5 7090.2 -1127.3 9298.397156
3335.5 7090.2 -2904.2 7521.550805
3335.5 7090.2 2111.9 12537.603053
3335.5 7090.2 2124.5 12550.235495
3335.5 7090.2 -3241.2 7184.580589
3335.5 7090.2 8562.8 18988.493141
3335.5 7090.2 8374.2 18799.938807
3335.5 7090.2 2277.1 12702.848618
3335.5 7090.2 9704.4 20130.093253
3335.5 7090.2 1110.1 11535.810638
3335.5 7090.2 11910.5 22336.260693
3335.5 7090.2 -2158.2 8267.501932
3335.5 7090.2 -3723.3 6702.429238
3335.5 7090.2 1830.7 12256.417187
3335.5 7090.2 10508.5 20934.274696
3335.5 7090.2 2196.5 12622.242477
3335.5 -3852.4 11998.3 11481.437683
3335.5 -3852.4 -2643.9 -3160.805290
3335.5 -3852.4 10921.5 10404.564020
3335.5 -3852.4 -3155.0 -3671.949568
3335.5 -3852.4 -1127.3 -1644.240453
3335.5 -3852.4 -2904.2 -3421.086804
3335.5 -3852.4 2111.9 1594.965444
3335.5 -3852.4 2124.5 1607.597886
3335.5 -3852.4 -3241.2 -3758.057020
3335.5 -3852.4 8562.8 8045.855532
3335.5 -3852.4 8374.2 7857.301198
3335.5 -3852.4 2277.1 1760.211009
3335.5 -3852.4 9704.4 9187.455643
3335.5 -3852.4 1110.1 593.173029
3335.5 -3852.4 11910.5 11393.623084
3335.5 -3852.4 -2158.2 -2675.135677
3335.5 -3852.4 -3723.3 -4240.208371
3335.5 -3852.4 1830.7 1313.779578
3335.5 -3852.4 10508.5 9991.637087
3335.5 -3852.4 2196.5 1679.604868
3335.5 -1698.7 11998.3 13635.145712
3335.5 -1698.7 -2643.9 -1007.097261
3335.5 -1698.7 10921.5 12558.272048
3335.5 -1698.7 -3155.0 -1518.241539
3335.5 -1698.7 -1127.3 509.467576
3335.5 -1698.7 -2904.2 -1267.378775
3335.5 -1698.7 2111.9 3748.673472
3335.5 -1698.7 2124.5 3761.305915
3335.5 -1698.7 -3241.2 -1604.348991
3335.5 -1698.7 8562.8 10199.563561
3335.5 -1698.7 8374.2 10011.009227
3335.5 -1698.7 2277.1 3913.919038
3335.5 -1698.7 9704.4 11341.163672
3335.5 -1698.7 1110.1 2746.881057
3335.5 -1698.7 11910.5 13547.331113
3335.5 -1698.7 -2158.2 -521.427648
3335.5 -1698.7 -3723.3 -2086.500342
3335.5 -1698.7 1830.7 3467.487606
3335.5 -1698.7 10508.5 12145.345116
3335.5 -1698.7 2196.5 3833.312897
3335.5 7190.4 11998.3 22524.289143
3335.5 7190.4 -2643.9 7882.046170
3335.5 7190.4 10921.5 21447.415479
3335.5 7190.4 -3155.0 7370.901892
3335.5 7190.4 -1127.3 9398.611007
3335.5 7190.4 -2904.2 7621.764656
3335.5 7190.4 2111.9 12637.816903
3335.5 7190.4 2124.5 12650.449346
3335.5 7190.4 -3241.2 7284.794440
3335.5 7190.4 8562.8 19088.706992
3335.5 7190.4 8374.2 18900.152658
3335.5 7190.4 2277.1 12803.062469
3335.5 7190.4 9704.4 20230.307103
3335.5 7190.4 1110.1 11636.024488
3335.5 7190.4 11910.5 22436.474544
3335.5 7190.4 -2158.2 8367.715783
3335.5 7190.4 -3723.3 6802.643089
3335.5 7190.4 1830.7 12356.631037
3335.5 7190.4 10508.5 21034.488547
3335.5 7190.4 2196.5 12722.456328
3335.5 1523.8 11998.3 16857.607093
3335.5 1523.8 -2643.9 2215.364120
3335.5 1523.8 10921.5 15780.733429
3335.5 1523.8 -3155.0 1704.219842
3335.5 1523.8 -1127.3 3731.928956
3335.5 1523.8 -2904.2 1955.082605
3335.5 1523.8 2111.9 6971.134853
3335.5 1523.8 2124.5 6983.767296
3335.5 1523.8 -3241.2 1618.112390
3335.5 1523.8 8562.8 13422.024941
3335.5 1523.8 8374.2 13233.470607
3335.5 1523.8 2277.1 7136.380418
3335.5 1523.8 9704.4 14563.625053
3335.5 1523.8 1110.1 5969.342438
3335.5 1523.8 11910.5 16769.792493
3335.5 1523.8 -2158.2 2701.033733
3335.5 1523.8 -3723.3 1135.961038
3335.5 1523.8 1830.7 6689.948987
3335.5 1523.8 10508.5 15367.806497
3335.5 1523.8 2196.5 7055.774277
3335.5 4729.7 11998.3 20063.581160
3335.5 4729.7 -2643.9 5421.338187
3335.5 4729.7 10921.5 18986.707496
3335.5 4729.7 -3155.0 4910.193909
3335.5 4729.7 -1127.3 6937.903023
3335.5 4729.7 -2904.2 5161.056672
3335.5 4729.7 2111.9 10177.108920
3335.5 4729.7 2124.5 10189.741363
3335.5 4729.7 -3241.2 4824.086457
3335.5 4729.7 8562.8 16627.999009
3335.5 4729.7 8374.2 16439.444674
3335.5 4729.7 2277.1 10342.354486
3335.5 4729.7 9704.4 17769.599120
3335.5 4729.7 1110.1 9175.316505
3335.5 4729.7 11910.5 19975.766561
3335.5 4729.7 -2158.2 5907.007800
3335.5 4729.7 -3723.3 4341.935105
3335.5 4729.7 1830.7 9895.923054
3335.5 4729.7 10508.5 18573.780564
3335.5 4729.7 2196.5 10261.748344
3335.5 4018.6 11998.3 19352.470694
3335.5 4018.6 -2643.9 4710.227721
3335.5 4018.6 10921.5 18275.597031
3335.5 4018.6 -3155.0 4199.083444
3335.5 4018.6 -1127.3 6226.792558
3335.5 4018.6 -2904.2 4449.946207
3335.5 4018.6 2111.9 9465.998455
3335.5 4018.6 2124.5 9478.630897
3335.5 4018.6 -3241.2 4112.975992
3335.5 4018.6 8562.8 15916.888543
3335.5 4018.6 8374.2 15728.334209
3335.5 4018.6 2277.1 9631.244020
3335.5 4018.6 9704.4 17058.488655
3335.5 4018.6 1110.1 8464.206040
3335.5 4018.6 11910.5 19264.656095
3335.5 4018.6 -2158.2 5195.897334
3335.5 4018.6 -3723.3 3630.824640
3335.5 4018.6 1830.7 9184.812589
3335.5 4018.6 10508.5 17862.670098
3335.5 4018.6 2196.5 9550.637879
10478.6 3708.1 11998.3 26185.017772
10478.6 3708.1 -2643.9 11542.774800
10478.6 3708.1 10921.5 25108.144109
10478.6 3708.1 -3155.0 11031.630522
10478.6 3708.1 -1127.3 13059.339636
10478.6 3708.1 -2904.2 11282.493285
10478.6 3708.1 2111.9 16298.545533
10478.6 3708.1 2124.5 16311.177976
10478.6 3708.1 -3241.2 10945.523070
10478.6 3708.1 8562.8 22749.435621
10478.6 3708.1 8374.2 22560.881287
10478.6 3708.1 2277.1 16463.791098
10478.6 3708.1 9704.4 23891.035733
10478.6 3708.1 1110.1 15296.753118
10478.6 3708.1 11910.5 26097.203173
10478.6 3708.1 -2158.2 12028.444412
10478.6 3708.1 -3723.3 10463.371718
10478.6 3708.1 1830.7 16017.359667
10478.6 3708.1 10508.5 24695.217176
10478.6 3708.1 2196.5 16383.184957
10478.6 -485.5 11998.3 21991.445740
10478.6 -485.5 -2643.9 7349.202767
10478.6 -485.5 10921.5 20914.572076
10478.6 -485.5 -3155.0 6838.058489
10478.6 -485.5 -1127.3 8865.767603
10478.6 -485.5 -2904.2 7088.921252
10478.6 -485.5 2111.9 12104.973500
10478.6 -485.5 2124.5 12117.605943
10478.6 -485.5 -3241.2 6751.951037
10478.6 -485.5 8562.8 18555.863589
10478.6 -485.5 8374.2 18367.309254
10478.6 -485.5 2277.1 12270.219066
10478.6 -485.5 9704.4 19697.463700
10478.6 -485.5 1110.1 11103.181085
10478.6 -485.5 11910.5 21903.631141
10478.6 -485.5 -2158.2 7834.872380
10478.6 -485.5 -3723.3 6269.799685
10478.6 -485.5 1830.7 11823.787634
10478.6 -485.5 10508.5 20501.645144
10478.6 -485.5 2196.5 12189.612924
10478.6 2727.4 11998.3 25204.293425
10478.6 2727.4 -2643.9 10562.050452
10478.6 2727.4 10921.5 24127.419762
10478.6 2727.4 -3155.0 10050.906174
10478.6 2727.4 -1127.3 12078.615289
10478.6 2727.4 -2904.2 10301.768938
10478.6 2727.4 2111.9 15317.821186
10478.6 2727.4 2124.5 15330.453628
10478.6 2727.4 -3241.2 9964.798722
10478.6 2727.4 8562.8 21768.711274
10478.6 2727.4 8374.2 21580.156940
10478.6 2727.4 2277.1 15483.066751
10478.6 2727.4 9704.4 22910.311386
10478.6 2727.4 1110.1 14316.028771
10478.6 2727.4 11910.5 25116.478826
10478.6 2727.4 -2158.2 11047.720065
10478.6 2727.4 -3723.3 9482.647371
10478.6 2727.4 1830.7 15036.635320
10478.6 2727.4 10508.5 23714.492829
10478.6 2727.4 2196.5 15402.460610
10478.6 5379.4 11998.3 27856.338769
10478.6 5379.4 -2643.9 13214.095796
10478.6 5379.4 10921.5 26779.465105
10478.6 5379.4 -3155.0 12702.951518
10478.6 5379.4 -1127.3 14730.660632
10478.6 5379.4 -2904.2 12953.814281
10478.6 5379.4 2111.9 17969.866529
10478.6 5379.4 2124.5 17982.498972
10478.6 5379.4 -3241.2 12616.844066
10478.6 5379.4 8562.8 24420.756618
10478.6 5379.4 8374.2 24232.202284
10478.6 5379.4 2277.1 18135.112095
10478.6 5379.4 9704.4 25562.356729
10478.6 5379.4 1110.1 16968.074114
10478.6 5379.4 11910.5 27768.524170
10478.6 5379.4 -2158.2 13699.765409
10478.6 5379.4 -3723.3 12134.692715
10478.6 5379.4 1830.7 17688.680663
10478.6 5379.4 10508.5 26366.538173
10478.6 5379.4 2196.5 18054.505954
10478.6 -3670.9 11998.3 18806.013540
10478.6 -3670.9 -2643.9 4163.770567
10478.6 -3670.9 10921.5 17729.139876
10478.6 -3670.9 -3155.0 3652.626289
10478.6 -3670.9 -1127.3 5680.335403
10478.6 -3670.9 -2904.2 3903.489052
10478.6 -3670.9 2111.9 8919.541300
10478.6 -3670.9 2124.5 8932.173743
10478.6 -3670.9 -3241.2 3566.518837
10478.6 -3670.9 8562.8 15370.431388
10478.6 -3670.9 8374.2 15181.877054
10478.6 -3670.9 2277.1 9084.786865
10478.6 -3670.9 9704.4 16512.031500
10478.6 -3670.9 1110.1 7917.748885
10478.6 -3670.9 11910.5 18718.198940
10478.6 -3670.9 -2158.2 4649.440180
10478.6 -3670.9 -3723.3 3084.367485
10478.6 -3670.9 1830.7 8638.355434
10478.6 -3670.9 10508.5 17316.212944
10478.6 -3670.9 2196.5 9004.180724
10478.6 1821.8 11998.3 24298.697423
10478.6 1821.8 -2643.9 9656.454450
10478.6 1821.8 10921.5 23221.823759
10478.6 1821.8 -3155.0 9145.310172
10478.6 1821.8 -1127.3 11173.019287
10478.6 1821.8 -2904.2 9396.172936
10478.6 1821.8 2111.9 14412.225183
10478.6 1821.8 2124.5 14424.857626
10478.6 1821.8 -3241.2 9059.202720
10478.6 1821.8 8562.8 20863.115272
10478.6 1821.8 8374.2 20674.560938
10478.6 1821.8 2277.1 14577.470749
10478.6 1821.8 9704.4 22004.715383
10478.6 1821.8 1110.1 13410.432768
10478.6 1821.8 11910.5 24210.882824
10478.6 1821.8 -2158.2 10142.124063
10478.6 1821.8 -3723.3 8577.051369
10478.6 1821.8 1830.7 14131.039317
10478.6 1821.8 10508.5 22808.896827
10478.6 1821.8 2196.5 14496.864608
10478.6 6584.0 11998.3 29060.910003
10478.6 6584.0 -2643.9 14418.667030
10478.6 6584.0 10921.5 27984.036339
10478.6 6584.0 -3155.0 13907.522752
10478.6 6584.0 -1127.3 15935.231866
10478.6 6584.0 -2904.2 14158.385515
10478.6 6584.0 2111.9 19174.437763
10478.6 6584.0 2124.5 19187.070206
10478.6 6584.0 -3241.2 13821.415300
10478.6 6584.0 8562.8 25625.327852
10478.6 6584.0 8374.2 25436.773518
10478.6 6584.0 2277.1 19339.683329
10478.6 6584.0 9704.4 26766.927963
10478.6 6584.0 1110.1 18172.645348
10478.6 6584.0 11910.5 28973.095404
10478.6 6584.0 -2158.2 14904.336643
10478.6 6584.0 -3723.3 13339.263949
10478.6 6584.0 1830.7 18893.251897
10478.6 6584.0 10508.5 27571.109407
10478.6 6584.0 2196.5 19259.077187
10478.6 843.6 11998.3 23320.539040
10478.6 843.6 -2643.9 8678.296068
10478.6 843.6 10921.5 22243.665377
10478.6 843.6 -3155.0 8167.151790
10478.6 843.6 -1127.3 10194.860904
10478.6 843.6 -2904.2 8418.014553
10478.6 843.6 2111.9 13434.066801
10478.6 843.6 2124.5 13446.699244
10478.6 843.6 -3241.2 8081.044338
10478.6 843.6 8562.8 19884.956889
10478.6 843.6 8374.2 19696.402555
10478.6 843.6 2277.1 13599.312366
10478.6 843.6 9704.4 21026.557001
10478.6 843.6 1110.1 12432.274386
10478.6 843.6 11910.5 23232.724441
10478.6 843.6 -2158.2 9163.965681
10478.6 843.6 -3723.3 7598.892986
10478.6 843.6 1830.7 13152.880935
10478.6 843.6 10508.5 21830.738445
10478.6 843.6 2196.5 13518.706225
10478.6 5349.2 11998.3 27826.131381
10478.6 5349.2 -2643.9 13183.888408
10478.6 5349.2 10921.5 26749.257717
10478.6 5349.2 -3155.0 12672.744130
10478.6 5349.2 -1127.3 14700.453244
10478.6 5349.2 -2904.2 12923.606893
10478.6 5349.2 2111.9 17939.659141
10478.6 5349.2 2124.5 17952.291584
10478.6 5349.2 -3241.2 12586.636678
10478.6 5349.2 8562.8 24390.549229
10478.6 5349.2 8374.2 24201.994895
10478.6 5349.2 2277.1 18104.904707
10478.6 5349.2 9704.4 25532.149341
10478.6 5349.2 1110.1 16937.866726
10478.6 5349.2 11910.5 27738.316781
10478.6 5349.2 -2158.2 13669.558021
10478.6 5349.2 -3723.3 12104.485326
10478.6 5349.2 1830.7 17658.473275
10478.6 5349.2 10508.5 26336.330785
10478.6 5349.2 2196.5 18024.298565
10478.6 -3183.9 11998.3 19293.042072
10478.6 -3183.9 -2643.9 4650.799099
10478.6 -3183.9 10921.5 18216.168409
10478.6 -3183.9 -3155.0 4139.654821
10478.6 -3183.9 -1127.3 6167.363936
10478.6 -3183.9 -2904.2 4390.517585
10478.6 -3183.9 2111.9 9406.569833
10478.6 -3183.9 2124.5 9419.202275
10478.6 -3183.9 -3241.2 4053.547369
10478.6 -3183.9 8562.8 15857.459921
10478.6 -3183.9 8374.2 15668.905587
10478.6 -3183.9 2277.1 9571.815398
10478.6 -3183.9 9704.4 16999.060033
10478.6 -3183.9 1110.1 8404.777418
10478.6 -3183.9 11910.5 19205.227473
10478.6 -3183.9 -2158.2 5136.468712
10478.6 -3183.9 -3723.3 3571.396018
10478.6 -3183.9 1830.7 9125.383967
10478.6 -3183.9 10508.5 17803.241476
10478.6 -3183.9 2196.5 9491.209257
10478.6 11753.9 11998.3 34230.804916
10478.6 11753.9 -2643.9 19588.561943
10478.6 11753.9 10921.5 33153.931252
10478.6 11753.9 -3155.0 19077.417665
10478.6 11753.9 -1127.3 21105.126779
10478.6 11753.9 -2904.2 19328.280428
10478.6 11753.9 2111.9 24344.332676
10478.6 11753.9 2124.5 24356.965119
10478.6 11753.9 -3241.2 18991.310213
10478.6 11753.9 8562.8 30795.222764
10478.6 11753.9 8374.2 30606.668430
10478.6 11753.9 2277.1 24509.578241
10478.6 11753.9 9704.4 31936.822876
10478.6 11753.9 1110.1 23342.540261
10478.6 11753.9 11910.5 34142.990316
10478.6 11753.9 -2158.2 20074.231556
10478.6 11753.9 -3723.3 18509.158861
10478.6 11753.9 1830.7 24063.146810
10478.6 11753.9 10508.5 32741.004320
10478.6 11753.9 2196.5 24428.972100
10478.6 5341.0 11998.3 27817.961847
10478.6 5341.0 -2643.9 13175.718874
10478.6 5341.0 10921.5 26741.088183
10478.6 5341.0 -3155.0 12664.574596
10478.6 5341.0 -1127.3 14692.283710
10478.6 5341.0 -2904.2 12915.437359
10478.6 5341.0 2111.9 17931.489607
10478.6 5341.0 2124.5 17944.122050
10478.6 5341.0 -3241.2 12578.467144
10478.6 5341.0 8562.8 24382.379695
10478.6 5341.0 8374.2 24193.825361
10478.6 5341.0 2277.1 18096.735173
10478.6 5341.0 9704.4 25523.979807
10478.6 5341.0 1110.1 16929.697192
10478.6 5341.0 11910.5 27730.147248
10478.6 5341.0 -2158.2 13661.388487
10478.6 5341.0 -3723.3 12096.315792
10478.6 5341.0 1830.7 17650.303741
10478.6 5341.0 10508.5 26328.161251
10478.6 5341.0 2196.5 18016.129031
10478.6 11133.2 11998.3 33610.090593
10478.6 11133.2 -2643.9 18967.847620
10478.6 11133.2 10921.5 32533.216929
10478.6 11133.2 -3155.0 18456.703342
10478.6 11133.2 -1127.3 20484.412456
10478.6 11133.2 -2904.2 18707.566105
10478.6 11133.2 2111.9 23723.618353
10478.6 11133.2 2124.5 23736.250796
10478.6 11133.2 -3241.2 18370.595890
10478.6 11133.2 8562.8 30174.508441
10478.6 11133.2 8374.2 29985.954107
10478.6 11133.2 2277.1 23888.863918
10478.6 11133.2 9704.4 31316.108553
10478.6 11133.2 1110.1 22721.825938
10478.6 11133.2 11910.5 33522.275993
10478.6 11133.2 -2158.2 19453.517233
10478.6 11133.2 -3723.3 17888.444538
10478.6 11133.2 1830.7 23442.432487
10478.6 11133.2 10508.5 32120.289997
10478.6 11133.2 2196.5 23808.257777
10478.6 7090.2 11998.3 29567.150781
10478.6 7090.2 -2643.9 14924.907808
10478.6 7090.2 10921.5 28490.277118
10478.6 7090.2 -3155.0 14413.763530
10478.6 7090.2 -1127.3 16441.472645
10478.6 7090.2 -2904.2 14664.626294
10478.6 7090.2 2111.9 19680.678542
10478.6 7090.2 2124.5 19693.310984
10478.6 7090.2 -3241.2 14327.656078
10478.6 7090.2 8562.8 26131.568630
10478.6 7090.2 8374.2 25943.014296
10478.6 7090.2 2277.1 19845.924107
10478.6 7090.2 9704.4 27273.168741
10478.6 7090.2 1110.1 18678.886127
10478.6 7090.2 11910.5 29479.336182
10478.6 7090.2 -2158.2 15410.577421
10478.6 7090.2 -3723.3 13845.504727
10478.6 7090.2 1830.7 19399.492676
10478.6 7090.2 10508.5 28077.350185
10478.6 7090.2 2196.5 19765.317966
10478.6 -3852.4 11998.3 18624.513172
10478.6 -3852.4 -2643.9 3982.270199
10478.6 -3852.4 10921.5 17547.639509
10478.6 -3852.4 -3155.0 3471.125921
10478.6 -3852.4 -1127.3 5498.835036
10478.6 -3852.4 -2904.2 3721.988685
10478.6 -3852.4 2111.9 8738.040933
10478.6 -3852.4 2124.5 8750.673375
10478.6 -3852.4 -3241.2 3385.018469
10478.6 -3852.4 8562.8 15188.931021
10478.6 -3852.4 8374.2 15000.376687
10478.6 -3852.4 2277.1 8903.286498
10478.6 -3852.4 9704.4 16330.531132
10478.6 -3852.4 1110.1 7736.248518
10478.6 -3852.4 11910.5 18536.698573
10478.6 -3852.4 -2158.2 4467.939812
10478.6 -3852.4 -3723.3 2902.867118
10478.6 -3852.4 1830.7 8456.855067
10478.6 -3852.4 10508.5 17134.712576
10478.6 -3852.4 2196.5 8822.680357
10478.6 -1698.7 11998.3 20778.221201
10478.6 -1698.7 -2643.9 6135.978228
10478.6 -1698.7 10921.5 19701.347537
10478.6 -1698.7 -3155.0 5624.833950
10478.6 -1698.7 -1127.3 7652.543065
10478.6 -1698.7 -2904.2 5875.696714
10478.6 -1698.7 2111.9 10891.748961
10478.6 -1698.7 2124.5 10904.381404
10478.6 -1698.7 -3241.2 5538.726498
10478.6 -1698.7 8562.8 17342.639050
10478.6 -1698.7 8374.2 17154.084716
10478.6 -1698.7 2277.1 11056.994527
10478.6 -1698.7 9704.4 18484.239161
10478.6 -1698.7 1110.1 9889.956546
10478.6 -1698.7 11910.5 20690.406602
10478.6 -1698.7 -2158.2 6621.647841
10478.6 -1698.7 -3723.3 5056.575147
10478.6 -1698.7 1830.7 10610.563095
10478.6 -1698.7 10508.5 19288.420605
10478.6 -1698.7 2196.5 10976.388386
10478.6 7190.4 11998.3 29667.364632
10478.6 7190.4 -2643.9 15025.121659
10478.6 7190.4 10921.5 28590.490968
10478.6 7190.4 -3155.0 14513.977381
10478.6 7190.4 -1127.3 16541.686496
10478.6 7190.4 -2904.2 14764.840145
10478.6 7190.4 2111.9 19780.892392
10478.6 7190.4 2124.5 19793.524835
10478.6 7190.4 -3241.2 14427.869929
10478.6 7190.4 8562.8 26231.782481
10478.6 7190.4 8374.2 26043.228147
10478.6 7190.4 2277.1 19946.137958
10478.6 7190.4 9704.4 27373.382592
10478.6 7190.4 1110.1 18779.099977
10478.6 7190.4 11910.5 29579.550033
10478.6 7190.4 -2158.2 15510.791272
10478.6 7190.4 -3723.3 13945.718578
10478.6 7190.4 1830.7 19499.706526
10478.6 7190.4 10508.5 28177.564036
10478.6 7190.4 2196.5 19865.531817
10478.6 1523.8 11998.3 24000.682581
10478.6 1523.8 -2643.9 9358.439609
10478.6 1523.8 10921.5 22923.808918
10478.6 1523.8 -3155.0 8847.295331
10478.6 1523.8 -1127.3 10875.004445
10478.6 1523.8 -2904.2 9098.158094
10478.6 1523.8 2111.9 14114.210342
10478.6 1523.8 2124.5 14126.842785
10478.6 1523.8 -3241.2 8761.187879
10478.6 1523.8 8562.8 20565.100430
10478.6 1523.8 8374.2 20376.546096
10478.6 1523.8 2277.1 14279.455907
10478.6 1523.8 9704.4 21706.700542
10478.6 1523.8 1110.1 13112.417927
10478.6 1523.8 11910.5 23912.867982
10478.6 1523.8 -2158.2 9844.109221
10478.6 1523.8 -3723.3 8279.036527
10478.6 1523.8 1830.7 13833.024476
10478.6 1523.8 10508.5 22510.881985
10478.6 1523.8 2196.5 14198.849766
10478.6 4729.7 11998.3 27206.656649
10478.6 4729.7 -2643.9 12564.413676
10478.6 4729.7 10921.5 26129.782985
10478.6 4729.7 -3155.0 12053.269398
10478.6 4729.7 -1127.3 14080.978512
10478.6 4729.7 -2904.2 12304.132161
10478.6 4729.7 2111.9 17320.184409
10478.6 4729.7 2124.5 17332.816852
10478.6 4729.7 -3241.2 11967.161946
10478.6 4729.7 8562.8 23771.074497
10478.6 4729.7 8374.2 23582.520163
10478.6 4729.7 2277.1 17485.429975
10478.6 4729.7 9704.4 24912.674609
10478.6 4729.7 1110.1 16318.391994
10478.6 4729.7 11910.5 27118.842049
10478.6 4729.7 -2158.2 13050.083289
10478.6 4729.7 -3723.3 11485.010594
10478.6 4729.7 1830.7 17038.998543
10478.6 4729.7 10508.5 25716.856053
10478.6 4729.7 2196.5 17404.823833
10478.6 4018.6 11998.3 26495.546183
10478.6 4018.6 -2643.9 11853.303210
10478.6 4018.6 10921.5 25418.672520
10478.6 4018.6 -3155.0 11342.158932
10478.6 4018.6 -1127.3 13369.868047
10478.6 4018.6 -2904.2 11593.021696
10478.6 4018.6 2111.9 16609.073944
10478.6 4018.6 2124.5 16621.706386
10478.6 4018.6 -3241.2 11256.051480
10478.6 4018.6 8562.8 23059.964032
10478.6 4018.6 8374.2 22871.409698
10478.6 4018.6 2277.1 16774.319509
10478.6 4018.6 9704.4 24201.564144
10478.6 4018.6 1110.1 15607.281529
10478.6 4018.6 11910.5 26407.731584
10478.6 4018.6 -2158.2 12338.972823
10478.6 4018.6 -3723.3 10773.900129
10478.6 4018.6 1830.7 16327.888078
10478.6 4018.6 10508.5 25005.745587
10478.6 4018.6 2196.5 16693.713368
1730.5 3708.1 11998.3 17436.908193
1730.5 3708.1 -2643.9 2794.665220
1730.5 3708.1 10921.5 16360.034529
1730.5 3708.1 -3155.0 2283.520942
1730.5 3708.1 -1127.3 4311.230056
1730.5 3708.1 -2904.2 2534.383705
1730.5 3708.1 2111.9 7550.435953
1730.5 3708.1 2124.5 7563.068396
1730.5 3708.1 -3241.2 2197.413490
1730.5 3708.1 8562.8 14001.326041
1730.5 3708.1 8374.2 13812.771707
1730.5 3708.1 2277.1 7715.681518
1730.5 3708.1 9704.4 15142.926153
1730.5 3708.1 1110.1 6548.643538
1730.5 3708.1 11910.5 17349.093593
1730.5 3708.1 -2158.2 3280.334833
1730.5 3708.1 -3723.3 1715.262138
1730.5 3708.1 1830.7 7269.250087
1730.5 3708.1 10508.5 15947.107597
1730.5 3708.1 2196.5 7635.075377
1730.5 -485.5 11998.3 13243.336160
1730.5 -485.5 -2643.9 -1398.906813
1730.5 -485.5 10921.5 12166.462496
1730.5 -485.5 -3155.0 -1910.051091
1730.5 -485.5 -1127.3 117.658024
1730.5 -485.5 -2904.2 -1659.188327
1730.5 -485.5 2111.9 3356.863920
1730.5 -485.5 2124.5 3369.496363
1730.5 -485.5 -3241.2 -1996.158543
1730.5 -485.5 8562.8 9807.754009
1730.5 -485.5 8374.2 9619.199675
1730.5 -485.5 2277.1 3522.109486
1730.5 -485.5 9704.4 10949.354120
1730.5 -485.5 1110.1 2355.071505
1730.5 -485.5 11910.5 13155.521561
1730.5 -485.5 -2158.2 -913.237200
1730.5 -485.5 -3723.3 -2478.309894
1730.5 -485.5 1830.7 3075.678054
1730.5 -485.5 10508.5 11753.535564
1730.5 -485.5 2196.5 3441.503345
1730.5 2727.4 11998.3 16456.183845
1730.5 2727.4 -2643.9 1813.940873
1730.5 2727.4 10921.5 15379.310182
1730.5 2727.4 -3155.0 1302.796595
1730.5 2727.4 -1127.3 3330.505709
1730.5 2727.4 -2904.2 1553.659358
1730.5 2727.4 2111.9 6569.711606
1730.5 2727.4 2124.5 6582.344049
1730.5 2727.4 -3241.2 1216.689143
1730.5 2727.4 8562.8 13020.601694
1730.5 2727.4 8374.2 12832.047360
1730.5 2727.4 2277.1 6734.957171
1730.5 2727.4 9704.4 14162.201806
1730.5 2727.4 1110.1 5567.919191
1730.5 2727.4 11910.5 16368.369246
1730.5 2727.4 -2158.2 2299.610485
1730.5 2727.4 -3723.3 734.537791
1730.5 2727.4 1830.7 6288.525740
1730.5 2727.4 10508.5 14966.383249
1730.5 2727.4 2196.5 6654.351030
1730.5 5379.4 11998.3 19108.229189
1730.5 5379.4 -2643.9 4465.986216
1730.5 5379.4 10921.5 18031.355525
1730.5 5379.4 -3155.0 3954.841938
1730.5 5379.4 -1127.3 5982.551053
1730.5 5379.4 -2904.2 4205.704702
1730.5 5379.4 2111.9 9221.756949
1730.5 5379.4 2124.5 9234.389392
1730.5 5379.4 -3241.2 3868.734486
1730.5 5379.4 8562.8 15672.647038
1730.5 5379.4 8374.2 15484.092704
1730.5 5379.4 2277.1 9387.002515
1730.5 5379.4 9704.4 16814.247149
1730.5 5379.4 1110.1 8219.964534
1730.5 5379.4 11910.5 19020.414590
1730.5 5379.4 -2158.2 4951.655829
1730.5 5379.4 -3723.3 3386.583135
1730.5 5379.4 1830.7 8940.571083
1730.5 5379.4 10508.5 17618.428593
1730.5 5379.4 2196.5 9306.396374
1730.5 -3670.9 11998.3 10057.903960
1730.5 -3670.9 -2643.9 -4584.339013
1730.5 -3670.9 10921.5 8981.030296
1730.5 -3670.9 -3155.0 -5095.483291
1730.5 -3670.9 -1127.3 -3067.774177
1730.5 -3670.9 -2904.2 -4844.620528
1730.5 -3670.9 2111.9 171.431720
1730.5 -3670.9 2124.5 184.064163
1730.5 -3670.9 -3241.2 -5181.590743
1730.5 -3670.9 8562.8 6622.321809
1730.5 -3670.9 8374.2 6433.767475
1730.5 -3670.9 2277.1 336.677286
1730.5 -3670.9 9704.4 7763.921920
1730.5 -3670.9 1110.1 -830.360695
1730.5 -3670.9 11910.5 9970.089361
1730.5 -3670.9 -2158.2 -4098.669400
1730.5 -3670.9 -3723.3 -5663.742094
1730.5 -3670.9 1830.7 -109.754146
1730.5 -3670.9 10508.5 8568.103364
1730.5 -3670.9 2196.5 256.071144
1730.5 1821.8 11998.3 15550.587843
1730.5 1821.8 -2643.9 908.344870
1730.5 1821.8 10921.5 14473.714180
1730.5 1821.8 -3155.0 397.200592
1730.5 1821.8 -1127.3 2424.909707
1730.5 1821.8 -2904.2 648.063356
1730.5 1821.8 2111.9 5664.115604
1730.5 1821.8 2124.5 5676.748046
1730.5 1821.8 -3241.2 311.093140
1730.5 1821.8 8562.8 12115.005692
1730.5 1821.8 8374.2 11926.451358
1730.5 1821.8 2277.1 5829.361169
1730.5 1821.8 9704.4 13256.605803
1730.5 1821.8 1110.1 4662.323189
1730.5 1821.8 11910.5 15462.773244
1730.5 1821.8 -2158.2 1394.014483
1730.5 1821.8 -3723.3 -171.058211
1730.5 1821.8 1830.7 5382.929738
1730.5 1821.8 10508.5 14060.787247
1730.5 1821.8 2196.5 5748.755028
1730.5 6584.0 11998.3 20312.800423
1730.5 6584.0 -2643.9 5670.557450
1730.5 6584.0 10921.5 19235.926759
1730.5 6584.0 -3155.0 5159.413172
1730.5 6584.0 -1127.3 7187.122287
1730.5 6584.0 -2904.2 5410.275936
1730.5 6584.0 2111.9 10426.328183
1730.5 6584.0 2124.5 10438.960626
1730.5 6584.0 -3241.2 5073.305720
1730.5 6584.0 8562.8 16877.218272
1730.5 6584.0 8374.2 16688.663938
1730.5 6584.0 2277.1 10591.573749
1730.5 6584.0 9704.4 18018.818383
1730.5 6584.0 1110.1 9424.535768
1730.5 6584.0 11910.5 20224.985824
1730.5 6584.0 -2158.2 6156.227063
1730.5 6584.0 -3723.3 4591.154369
1730.5 6584.0 1830.7 10145.142317
1730.5 6584.0 10508.5 18822.999827
1730.5 6584.0 2196.5 10510.967608
1730.5 843.6 11998.3 14572.429461
1730.5 843.6 -2643.9 -69.813512
1730.5 843.6 10921.5 13495.555797
1730.5 843.6 -3155.0 -580.957790
1730.5 843.6 -1127.3 1446.751324
1730.5 843.6 -2904.2 -330.095027
1730.5 843.6 2111.9 4685.957221
1730.5 843.6 2124.5 4698.589664
1730.5 843.6 -3241.2 -667.065242
1730.5 843.6 8562.8 11136.847310
1730.5 843.6 8374.2 10948.292975
1730.5 843.6 2277.1 4851.202787
1730.5 843.6 9704.4 12278.447421
1730.5 843.6 1110.1 3684.164806
1730.5 843.6 11910.5 14484.614862
1730.5 843.6 -2158.2 415.856101
1730.5 843.6 -3723.3 -1149.216594
1730.5 843.6 1830.7 4404.771355
1730.5 843.6 10508.5 13082.628865
1730.5 843.6 2196.5 4770.596645
1730.5 5349.2 11998.3 19078.021801
1730.5 5349.2 -2643.9 4435.778828
1730.5 5349.2 10921.5 18001.148137
1730.5 5349.2 -3155.0 3924.634550
1730.5 5349.2 -1127.3 5952.343665
1730.5 5349.2 -2904.2 4175.497314
1730.5 5349.2 2111.9 9191.549561
1730.5 5349.2 2124.5 9204.182004
1730.5 5349.2 -3241.2 3838.527098
1730.5 5349.2 8562.8 15642.439650
1730.5 5349.2 8374.2 15453.885316
1730.5 5349.2 2277.1 9356.795127
1730.5 5349.2 9704.4 16784.039761
1730.5 5349.2 1110.1 8189.757146
1730.5 5349.2 11910.5 18990.207202
1730.5 5349.2 -2158.2 4921.448441
1730.5 5349.2 -3723.3 3356.375747
1730.5 5349.2 1830.7 8910.363695
1730.5 5349.2 10508.5 17588.221205
1730.5 5349.2 2196.5 9276.188986
1730.5 -3183.9 11998.3 10544.932492
1730.5 -3183.9 -2643.9 -4097.310480
1730.5 -3183.9 10921.5 9468.058829
1730.5 -3183.9 -3155.0 -4608.454758
1730.5 -3183.9 -1127.3 -2580.745644
1730.5 -3183.9 -2904.2 -4357.591995
1730.5 -3183.9 2111.9 658.460253
1730.5 -3183.9 2124.5 671.092696
1730.5 -3183.9 -3241.2 -4694.562210
1730.5 -3183.9 8562.8 7109.350341
1730.5 -3183.9 8374.2 6920.796007
1730.5 -3183.9 2277.1 823.705818
1730.5 -3183.9 9704.4 8250.950453
1730.5 -3183.9 1110.1 -343.332162
1730.5 -3183.9 11910.5 10457.117893
1730.5 -3183.9 -2158.2 -3611.640868
1730.5 -3183.9 -3723.3 -5176.713562
1730.5 -3183.9 1830.7 377.274387
1730.5 -3183.9 10508.5 9055.131896
1730.5 -3183.9 2196.5 743.099677
1730.5 11753.9 11998.3 25482.695336
1730.5 11753.9 -2643.9 10840.452363
1730.5 11753.9 10921.5 24405.821672
1730.5 11753.9 -3155.0 10329.308085
1730.5 11753.9 -1127.3 12357.017199
1730.5 11753.9 -2904.2 10580.170848
1730.5 11753.9 2111.9 15596.223096
1730.5 11753.9 2124.5 15608.855539
1730.5 11753.9 -3241.2 10243.200633
1730.5 11753.9 8562.8 22047.113185
1730.5 11753.9 8374.2 21858.558851
1730.5 11753.9 2277.1 15761.468662
1730.5 11753.9 9704.4 23188.713296
1730.5 11753.9 1110.1 14594.430681
1730.5 11753.9 11910.5 25394.880737
1730.5 11753.9 -2158.2 11326.121976
1730.5 11753.9 -3723.3 9761.049282
1730.5 11753.9 1830.7 15315.037230
1730.5 11753.9 10508.5 23992.894740
1730.5 11753.9 2196.5 15680.862521
1730.5 5341.0 11998.3 19069.852267
1730.5 5341.0 -2643.9 4427.609294
1730.5 5341.0 10921.5 17992.978603
1730.5 5341.0 -3155.0 3916.465016
1730.5 5341.0 -1127.3 5944.174131
1730.5 5341.0 -2904.2 4167.327780
1730.5 5341.0 2111.9 9183.380027
1730.5 5341.0 2124.5 9196.012470
1730.5 5341.0 -3241.2 3830.357564
1730.5 5341.0 8562.8 15634.270116
1730.5 5341.0 8374.2 15445.715782
1730.5 5341.0 2277.1 9348.625593
1730.5 5341.0 9704.4 16775.870227
1730.5 5341.0 1110.1 8181.587612
1730.5 5341.0 11910.5 18982.037668
1730.5 5341.0 -2158.2 4913.278907
1730.5 5341.0 -3723.3 3348.206213
1730.5 5341.0 1830.7 8902.194161
1730.5 5341.0 10508.5 17580.051671
1730.5 5341.0 2196.5 9268.019452
1730.5 11133.2 11998.3 24861.981013
1730.5 11133.2 -2643.9 10219.738040
1730.5 11133.2 10921.5 23785.107349
1730.5 11133.2 -3155.0 9708.593762
1730.5 11133.2 -1127.3 11736.302876
1730.5 11133.2 -2904.2 9959.456525
1730.5 11133.2 2111.9 14975.508773
1730.5 11133.2 2124.5 14988.141216
1730.5 11133.2 -3241.2 9622.486310
1730.5 11133.2 8562.8 21426.398862
1730.5 11133.2 8374.2 21237.844528
1730.5 11133.2 2277.1 15140.754339
1730.5 11133.2 9704.4 22567.998973
1730.5 11133.2 1110.1 13973.716358
1730.5 11133.2 11910.5 24774.166414
1730.5 11133.2 -2158.2 10705.407653
1730.5 11133.2 -3723.3 9140.334959
1730.5 11133.2 1830.7 14694.322907
1730.5 11133.2 10508.5 23372.180417
1730.5 11133.2 2196.5 15060.148198
1730.5 7090.2 11998.3 20819.041201
1730.5 7090.2 -2643.9 6176.798228
1730.5 7090.2 10921.5 19742.167538
1730.5 7090.2 -3155.0 5665.653951
1730.5 7090.2 -1127.3 7693.363065
1730.5 7090.2 -2904.2 5916.516714
1730.5 7090.2 2111.9 10932.568962
1730.5 7090.2 2124.5 10945.201404
1730.5 7090.2 -3241.2 5579.546499
1730.5 7090.2 8562.8 17383.459050
1730.5 7090.2 8374.2 17194.904716
1730.5 7090.2 2277.1 11097.814527
1730.5 7090.2 9704.4 18525.059162
1730.5 7090.2 1110.1 9930.776547
1730.5 7090.2 11910.5 20731.226602
1730.5 7090.2 -2158.2 6662.467841
1730.5 7090.2 -3723.3 5097.395147
1730.5 7090.2 1830.7 10651.383096
1730.5 7090.2 10508.5 19329.240605
1730.5 7090.2 2196.5 11017.208386
1730.5 -3852.4 11998.3 9876.403592
1730.5 -3852.4 -2643.9 -4765.839381
1730.5 -3852.4 10921.5 8799.529929
1730.5 -3852.4 -3155.0 -5276.983658
1730.5 -3852.4 -1127.3 -3249.274544
1730.5 -3852.4 -2904.2 -5026.120895
1730.5 -3852.4 2111.9 -10.068647
1730.5 -3852.4 2124.5 2.563795
1730.5 -3852.4 -3241.2 -5363.091110
1730.5 -3852.4 8562.8 6440.821441
1730.5 -3852.4 8374.2 6252.267107
1730.5 -3852.4 2277.1 155.176918
1730.5 -3852.4 9704.4 7582.421553
1730.5 -3852.4 1110.1 -1011.861062
1730.5 -3852.4 11910.5 9788.588993
1730.5 -3852.4 -2158.2 -4280.169768
1730.5 -3852.4 -3723.3 -5845.242462
1730.5 -3852.4 1830.7 -291.254513
1730.5 -3852.4 10508.5 8386.602996
1730.5 -3852.4 2196.5 74.570777
1730.5 -1698.7 11998.3 12030.111621
1730.5 -1698.7 -2643.9 -2612.131352
1730.5 -1698.7 10921.5 10953.237958
1730.5 -1698.7 -3155.0 -3123.275630
1730.5 -1698.7 -1127.3 -1095.566515
1730.5 -1698.7 -2904.2 -2872.412866
1730.5 -1698.7 2111.9 2143.639382
1730.5 -1698.7 2124.5 2156.271824
1730.5 -1698.7 -3241.2 -3209.383082
1730.5 -1698.7 8562.8 8594.529470
1730.5 -1698.7 8374.2 8405.975136
1730.5 -1698.7 2277.1 2308.884947
1730.5 -1698.7 9704.4 9736.129581
1730.5 -1698.7 1110.1 1141.846967
1730.5 -1698.7 11910.5 11942.297022
1730.5 -1698.7 -2158.2 -2126.461739
1730.5 -1698.7 -3723.3 -3691.534433
1730.5 -1698.7 1830.7 1862.453516
1730.5 -1698.7 10508.5 10540.311025
1730.5 -1698.7 2196.5 2228.278806
1730.5 7190.4 11998.3 20919.255052
1730.5 7190.4 -2643.9 6277.012079
1730.5 7190.4 10921.5 19842.381389
1730.5 7190.4 -3155.0 5765.867801
1730.5 7190.4 -1127.3 7793.576916
1730.5 7190.4 -2904.2 6016.730565
1730.5 7190.4 2111.9 11032.782813
1730.5 7190.4 2124.5 11045.415255
1730.5 7190.4 -3241.2 5679.760349
1730.5 7190.4 8562.8 17483.672901
1730.5 7190.4 8374.2 17295.118567
1730.5 7190.4 2277.1 11198.028378
1730.5 7190.4 9704.4 18625.273012
1730.5 7190.4 1110.1 10030.990398
1730.5 7190.4 11910.5 20831.440453
1730.5 7190.4 -2158.2 6762.681692
1730.5 7190.4 -3723.3 5197.608998
1730.5 7190.4 1830.7 10751.596947
1730.5 7190.4 10508.5 19429.454456
1730.5 7190.4 2196.5 11117.422237
1730.5 1523.8 11998.3 15252.573002
1730.5 1523.8 -2643.9 610.330029
1730.5 1523.8 10921.5 14175.699338
1730.5 1523.8 -3155.0 99.185751
1730.5 1523.8 -1127.3 2126.894865
1730.5 1523.8 -2904.2 350.048514
1730.5 1523.8 2111.9 5366.100762
1730.5 1523.8 2124.5 5378.733205
1730.5 1523.8 -3241.2 13.078299
1730.5 1523.8 8562.8 11816.990850
1730.5 1523.8 8374.2 11628.436516
1730.5 1523.8 2277.1 5531.346328
1730.5 1523.8 9704.4 12958.590962
1730.5 1523.8 1110.1 4364.308347
1730.5 1523.8 11910.5 15164.758403
1730.5 1523.8 -2158.2 1095.999642
1730.5 1523.8 -3723.3 -469.073053
1730.5 1523.8 1830.7 5084.914896
1730.5 1523.8 10508.5 13762.772406
1730.5 1523.8 2196.5 5450.740186
1730.5 4729.7 11998.3 18458.547069
1730.5 4729.7 -2643.9 3816.304096
1730.5 4729.7 10921.5 17381.673405
1730.5 4729.7 -3155.0 3305.159818
1730.5 4729.7 -1127.3 5332.868933
1730.5 4729.7 -2904.2 3556.022582
1730.5 4729.7 2111.9 8572.074829
1730.5 4729.7 2124.5 8584.707272
1730.5 4729.7 -3241.2 3219.052366
1730.5 4729.7 8562.8 15022.964918
1730.5 4729.7 8374.2 14834.410584
1730.5 4729.7 2277.1 8737.320395
1730.5 4729.7 9704.4 16164.565029
1730.5 4729.7 1110.1 7570.282414
1730.5 4729.7 11910.5 18370.732470
1730.5 4729.7 -2158.2 4301.973709
1730.5 4729.7 -3723.3 2736.901015
1730.5 4729.7 1830.7 8290.888963
1730.5 4729.7 10508.5 16968.746473
1730.5 4729.7 2196.5 8656.714254
1730.5 4018.6 11998.3 17747.436603
1730.5 4018.6 -2643.9 3105.193631
1730.5 4018.6 10921.5 16670.562940
1730.5 4018.6 -3155.0 2594.049353
1730.5 4018.6 -1127.3 4621.758467
1730.5 4018.6 -2904.2 2844.912116
1730.5 4018.6 2111.9 7860.964364
1730.5 4018.6 2124.5 7873.596807
1730.5 4018.6 -3241.2 2507.941901
1730.5 4018.6 8562.8 14311.854452
1730.5 4018.6 8374.2 14123.300118
1730.5 4018.6 2277.1 8026.209929
1730.5 4018.6 9704.4 15453.454564
1730.5 4018.6 1110.1 6859.171949
1730.5 4018.6 11910.5 17659.622004
1730.5 4018.6 -2158.2 3590.863243
1730.5 4018.6 -3723.3 2025.790549
1730.5 4018.6 1830.7 7579.778498
1730.5 4018.6 10508.5 16257.636007
1730.5 4018.6 2196.5 7945.603788
-379.5 3708.1 11998.3 15326.913895
-379.5 3708.1 -2643.9 684.670922
-379.5 3708.1 10921.5 14250.040231
-379.5 3708.1 -3155.0 173.526644
-379.5 3708.1 -1127.3 2201.235758
-379.5 3708.1 -2904.2 424.389407
-379.5 3708.1 2111.9 5440.441655
-379.5 3708.1 2124.5 5453.074098
-379.5 3708.1 -3241.2 87.419192
-379.5 3708.1 8562.8 11891.331744
-379.5 3708.1 8374.2 11702.777409
-379.5 3708.1 2277.1 5605.687221
-379.5 3708.1 9704.4 13032.931855
-379.5 3708.1 1110.1 4438.649240
-379.5 3708.1 11910.5 15239.099296
-379.5 3708.1 -2158.2 1170.340535
-379.5 3708.1 -3723.3 -394.732160
-379.5 3708.1 1830.7 5159.255789
-379.5 3708.1 10508.5 13837.113299
-379.5 3708.1 2196.5 5525.081079
-379.5 -485.5 11998.3 11133.341862
-379.5 -485.5 -2643.9 -3508.901111
-379.5 -485.5 10921.5 10056.468198
-379.5 -485.5 -3155.0 -4020.045389
-379.5 -485.5 -1127.3 -1992.336274
-379.5 -485.5 -2904.2 -3769.182625
-379.5 -485.5 2111.9 1246.869622
-379.5 -485.5 2124.5 1259.502065
-379.5 -485.5 -3241.2 -4106.152841
-379.5 -485.5 8562.8 7697.759711
-379.5 -485.5 8374.2 7509.205377
-379.5 -485.5 2277.1 1412.115188
-379.5 -485.5 9704.4 8839.359822
-379.5 -485.5 1110.1 245.077207
-379.5 -485.5 11910.5 11045.527263
-379.5 -485.5 -2158.2 -3023.231498
-379.5 -485.5 -3723.3 -4588.304192
-379.5 -485.5 1830.7 965.683756
-379.5 -485.5 10508.5 9643.541266
-379.5 -485.5 2196.5 1331.509047
-379.5 2727.4 11998.3 14346.189548
-379.5 2727.4 -2643.9 -296.053425
-379.5 2727.4 10921.5 13269.315884
-379.5 2727.4 -3155.0 -807.197703
-379.5 2727.4 -1127.3 1220.511411
-379.5 2727.4 -2904.2 -556.334940
-379.5 2727.4 2111.9 4459.717308
-379.5 2727.4 2124.5 4472.349751
-379.5 2727.4 -3241.2 -893.305155
-379.5 2727.4 8562.8 10910.607396
-379.5 2727.4 8374.2 10722.053062
-379.5 2727.4 2277.1 4624.962873
-379.5 2727.4 9704.4 12052.207508
-379.5 2727.4 1110.1 3457.924893
-379.5 2727.4 11910.5 14258.374948
-379.5 2727.4 -2158.2 189.616188
-379.5 2727.4 -3723.3 -1375.456507
-379.5 2727.4 1830.7 4178.531442
-379.5 2727.4 10508.5 12856.388952
-379.5 2727.4 2196.5 4544.356732
-379.5 5379.4 11998.3 16998.234891
-379.5 5379.4 -2643.9 2355.991918
-379.5 5379.4 10921.5 15921.361228
-379.5 5379.4 -3155.0 1844.847640
-379.5 5379.4 -1127.3 3872.556755
-379.5 5379.4 -2904.2 2095.710404
-379.5 5379.4 2111.9 7111.762652
-379.5 5379.4 2124.5 7124.395094
-379.5 5379.4 -3241.2 1758.740188
-379.5 5379.4 8562.8 13562.652740
-379.5 5379.4 8374.2 13374.098406
-379.5 5379.4 2277.1 7277.008217
-379.5 5379.4 9704.4 14704.252851
-379.5 5379.4 1110.1 6109.970237
-379.5 5379.4 11910.5 16910.420292
-379.5 5379.4 -2158.2 2841.661531
-379.5 5379.4 -3723.3 1276.588837
-379.5 5379.4 1830.7 6830.576786
-379.5 5379.4 10508.5 15508.434295
-379.5 5379.4 2196.5 7196.402076
-379.5 -3670.9 11998.3 7947.909662
-379.5 -3670.9 -2643.9 -6694.333311
-379.5 -3670.9 10921.5 6871.035998
-379.5 -3670.9 -3155.0 -7205.477589
-379.5 -3670.9 -1127.3 -5177.768474
-379.5 -3670.9 -2904.2 -6954.614825
-379.5 -3670.9 2111.9 -1938.562578
-379.5 -3670.9 2124.5 -1925.930135
-379.5 -3670.9 -3241.2 -7291.585041
-379.5 -3670.9 8562.8 4512.327511
-379.5 -3670.9 8374.2 4323.773177
-379.5 -3670.9 2277.1 -1773.317012
-379.5 -3670.9 9704.4 5653.927622
-379.5 -3670.9 1110.1 -2940.354993
-379.5 -3670.9 11910.5 7860.095063
-379.5 -3670.9 -2158.2 -6208.663698
-379.5 -3670.9 -3723.3 -7773.736392
-379.5 -3670.9 1830.7 -2219.748444
-379.5 -3670.9 10508.5 6458.109066
-379.5 -3670.9 2196.5 -1853.923153
-379.5 1821.8 11998.3 13440.593545
-379.5 1821.8 -2643.9 -1201.649428
-379.5 1821.8 10921.5 12363.719882
-379.5 1821.8 -3155.0 -1712.793705
-379.5 1821.8 -1127.3 314.915409
-379.5 1821.8 -2904.2 -1461.930942
-379.5 1821.8 2111.9 3554.121306
-379.5 1821.8 2124.5 3566.753748
-379.5 1821.8 -3241.2 -1798.901157
-379.5 1821.8 8562.8 10005.011394
-379.5 1821.8 8374.2 9816.457060
-379.5 1821.8 2277.1 3719.366871
-379.5 1821.8 9704.4 11146.611506
-379.5 1821.8 1110.1 2552.328891
-379.5 1821.8 11910.5 13352.778946
-379.5 1821.8 -2158.2 -715.979815
-379.5 1821.8 -3723.3 -2281.052509
-379.5 1821.8 1830.7 3272.935440
-379.5 1821.8 10508.5 11950.792949
-379.5 1821.8 2196.5 3638.760730
-379.5 6584.0 11998.3 18202.806125
-379.5 6584.0 -2643.9 3560.563152
-379.5 6584.0 10921.5 17125.932462
-379.5 6584.0 -3155.0 3049.418874
-379.5 6584.0 -1127.3 5077.127989
-379.5 6584.0 -2904.2 3300.281638
-379.5 6584.0 2111.9 8316.333886
-379.5 6584.0 2124.5 8328.966328
-379.5 6584.0 -3241.2 2963.311422
-379.5 6584.0 8562.8 14767.223974
-379.5 6584.0 8374.2 14578.669640
-379.5 6584.0 2277.1 8481.579451
-379.5 6584.0 9704.4 15908.824085
-379.5 6584.0 1110.1 7314.541471
-379.5 6584.0 11910.5 18114.991526
-379.5 6584.0 -2158.2 4046.232765
-379.5 6584.0 -3723.3 2481.160071
-379.5 6584.0 1830.7 8035.148020
-379.5 6584.0 10508.5 16713.005529
-379.5 6584.0 2196.5 8400.973310
-379.5 843.6 11998.3 12462.435163
-379.5 843.6 -2643.9 -2179.807810
-379.5 843.6 10921.5 11385.561499
-379.5 843.6 -3155.0 -2690.952088
-379.5 843.6 -1127.3 -663.242974
-379.5 843.6 -2904.2 -2440.089325
-379.5 843.6 2111.9 2575.962923
-379.5 843.6 2124.5 2588.595366
-379.5 843.6 -3241.2 -2777.059540
-379.5 843.6 8562.8 9026.853012
-379.5 843.6 8374.2 8838.298678
-379.5 843.6 2277.1 2741.208489
-379.5 843.6 9704.4 10168.453123
-379.5 843.6 1110.1 1574.170508
-379.5 843.6 11910.5 12374.620564
-379.5 843.6 -2158.2 -1694.138197
-379.5 843.6 -3723.3 -3259.210891
-379.5 843.6 1830.7 2294.777057
-379.5 843.6 10508.5 10972.634567
-379.5 843.6 2196.5 2660.602348
-379.5 5349.2 11998.3 16968.027503
-379.5 5349.2 -2643.9 2325.784530
-379.5 5349.2 10921.5 15891.153839
-379.5 5349.2 -3155.0 1814.640252
-379.5 5349.2 -1127.3 3842.349367
-379.5 5349.2 -2904.2 2065.503016
-379.5 5349.2 2111.9 7081.555263
-379.5 5349.2 2124.5 7094.187706
-379.5 5349.2 -3241.2 1728.532800
-379.5 5349.2 8562.8 13532.445352
-379.5 5349.2 8374.2 13343.891018
-379.5 5349.2 2277.1 7246.800829
-379.5 5349.2 9704.4 14674.045463
-379.5 5349.2 1110.1 6079.762848
-379.5 5349.2 11910.5 16880.212904
-379.5 5349.2 -2158.2 2811.454143
-379.5 5349.2 -3723.3 1246.381449
-379.5 5349.2 1830.7 6800.369397
-379.5 5349.2 10508.5 15478.226907
-379.5 5349.2 2196.5 7166.194688
-379.5 -3183.9 11998.3 8434.938195
-379.5 -3183.9 -2643.9 -6207.304778
-379.5 -3183.9 10921.5 7358.064531
-379.5 -3183.9 -3155.0 -6718.449056
-379.5 -3183.9 -1127.3 -4690.739942
-379.5 -3183.9 -2904.2 -6467.586293
-379.5 -3183.9 2111.9 -1451.534045
-379.5 -3183.9 2124.5 -1438.901602
-379.5 -3183.9 -3241.2 -6804.556508
-379.5 -3183.9 8562.8 4999.356043
-379.5 -3183.9 8374.2 4810.801709
-379.5 -3183.9 2277.1 -1286.288480
-379.5 -3183.9 9704.4 6140.956155
-379.5 -3183.9 1110.1 -2453.326460
-379.5 -3183.9 11910.5 8347.123595
-379.5 -3183.9 -2158.2 -5721.635165
-379.5 -3183.9 -3723.3 -7286.707860
-379.5 -3183.9 1830.7 -1732.719911
-379.5 -3183.9 10508.5 6945.137599
-379.5 -3183.9 2196.5 -1366.894621
-379.5 11753.9 11998.3 23372.701038
-379.5 11753.9 -2643.9 8730.458065
-379.5 11753.9 10921.5 22295.827374
-379.5 11753.9 -3155.0 8219.313787
-379.5 11753.9 -1127.3 10247.022902
-379.5 11753.9 -2904.2 8470.176551
-379.5 11753.9 2111.9 13486.228798
-379.5 11753.9 2124.5 13498.861241
-379.5 11753.9 -3241.2 8133.206335
-379.5 11753.9 8562.8 19937.118887
-379.5 11753.9 8374.2 19748.564553
-379.5 11753.9 2277.1 13651.474364
-379.5 11753.9 9704.4 21078.718998
-379.5 11753.9 1110.1 12484.436383
-379.5 11753.9 11910.5 23284.886439
-379.5 11753.9 -2158.2 9216.127678
-379.5 11753.9 -3723.3 7651.054984
-379.5 11753.9 1830.7 13205.042932
-379.5 11753.9 10508.5 21882.900442
-379.5 11753.9 2196.5 13570.868223
-379.5 5341.0 11998.3 16959.857969
-379.5 5341.0 -2643.9 2317.614996
-379.5 5341.0 10921.5 15882.984305
-379.5 5341.0 -3155.0 1806.470718
-379.5 5341.0 -1127.3 3834.179833
-379.5 5341.0 -2904.2 2057.333482
-379.5 5341.0 2111.9 7073.385729
-379.5 5341.0 2124.5 7086.018172
-379.5 5341.0 -3241.2 1720.363266
-379.5 5341.0 8562.8 13524.275818
-379.5 5341.0 8374.2 13335.721484
-379.5 5341.0 2277.1 7238.631295
-379.5 5341.0 9704.4 14665.875929
-379.5 5341.0 1110.1 6071.593314
-379.5 5341.0 11910.5 16872.043370
-379.5 5341.0 -2158.2 2803.284609
-379.5 5341.0 -3723.3 1238.211915
-379.5 5341.0 1830.7 6792.199863
-379.5 5341.0 10508.5 15470.057373
-379.5 5341.0 2196.5 7158.025154
-379.5 11133.2 11998.3 22751.986715
-379.5 11133.2 -2643.9 8109.743742
-379.5 11133.2 10921.5 21675.113051
-379.5 11133.2 -3155.0 7598.599464
-379.5 11133.2 -1127.3 9626.308579
-379.5 11133.2 -2904.2 7849.462228
-379.5 11133.2 2111.9 12865.514475
-379.5 11133.2 2124.5 12878.146918
-379.5 11133.2 -3241.2 7512.492012
-379.5 11133.2 8562.8 19316.404564
-379.5 11133.2 8374.2 19127.850230
-379.5 11133.2 2277.1 13030.760041
-379.5 11133.2 9704.4 20458.004675
-379.5 11133.2 1110.1 11863.722060
-379.5 11133.2 11910.5 22664.172116
-379.5 11133.2 -2158.2 8595.413355
-379.5 11133.2 -3723.3 7030.340661
-379.5 11133.2 1830.7 12584.328609
-379.5 11133.2 10508.5 21262.186119
-379.5 11133.2 2196.5 12950.153900
-379.5 7090.2 11998.3 18709.046903
-379.5 7090.2 -2643.9 4066.803931
-379.5 7090.2 10921.5 17632.173240
-379.5 7090.2 -3155.0 3555.659653
-379.5 7090.2 -1127.3 5583.368767
-379.5 7090.2 -2904.2 3806.522416
-379.5 7090.2 2111.9 8822.574664
-379.5 7090.2 2124.5 8835.207107
-379.5 7090.2 -3241.2 3469.552201
-379.5 7090.2 8562.8 15273.464752
-379.5 7090.2 8374.2 15084.910418
-379.5 7090.2 2277.1 8987.820229
-379.5 7090.2 9704.4 16415.064864
-379.5 7090.2 1110.1 7820.782249
-379.5 7090.2 11910.5 18621.232304
-379.5 7090.2 -2158.2 4552.473543
-379.5 7090.2 -3723.3 2987.400849
-379.5 7090.2 1830.7 8541.388798
-379.5 7090.2 10508.5 17219.246307
-379.5 7090.2 2196.5 8907.214088
-379.5 -3852.4 11998.3 7766.409294
-379.5 -3852.4 -2643.9 -6875.833678
-379.5 -3852.4 10921.5 6689.535631
-379.5 -3852.4 -3155.0 -7386.977956
-379.5 -3852.4 -1127.3 -5359.268842
-379.5 -3852.4 -2904.2 -7136.115193
-379.5 -3852.4 2111.9 -2120.062945
-379.5 -3852.4 2124.5 -2107.430502
-379.5 -3852.4 -3241.2 -7473.085408
-379.5 -3852.4 8562.8 4330.827143
-379.5 -3852.4 8374.2 4142.272809
-379.5 -3852.4 2277.1 -1954.817380
-379.5 -3852.4 9704.4 5472.427255
-379.5 -3852.4 1110.1 -3121.855360
-379.5 -3852.4 11910.5 7678.594695
-379.5 -3852.4 -2158.2 -6390.164066
-379.5 -3852.4 -3723.3 -7955.236760
-379.5 -3852.4 1830.7 -2401.248811
-379.5 -3852.4 10508.5 6276.608698
-379.5 -3852.4 2196.5 -2035.423521
-379.5 -1698.7 11998.3 9920.117323
-379.5 -1698.7 -2643.9 -4722.125650
-379.5 -1698.7 10921.5 8843.243660
-379.5 -1698.7 -3155.0 -5233.269928
-379.5 -1698.7 -1127.3 -3205.560813
-379.5 -1698.7 -2904.2 -4982.407164
-379.5 -1698.7 2111.9 33.645084
-379.5 -1698.7 2124.5 46.277526
-379.5 -1698.7 -3241.2 -5319.377380
-379.5 -1698.7 8562.8 6484.535172
-379.5 -1698.7 8374.2 6295.980838
-379.5 -1698.7 2277.1 198.890649
-379.5 -1698.7 9704.4 7626.135284
-379.5 -1698.7 1110.1 -968.147331
-379.5 -1698.7 11910.5 9832.302724
-379.5 -1698.7 -2158.2 -4236.456037
-379.5 -1698.7 -3723.3 -5801.528731
-379.5 -1698.7 1830.7 -247.540782
-379.5 -1698.7 10508.5 8430.316727
-379.5 -1698.7 2196.5 118.284508
-379.5 7190.4 11998.3 18809.260754
-379.5 7190.4 -2643.9 4167.017781
-379.5 7190.4 10921.5 17732.387091
-379.5 7190.4 -3155.0 3655.873503
-379.5 7190.4 -1127.3 5683.582618
-379.5 7190.4 -2904.2 3906.736267
-379.5 7190.4 2111.9 8922.788515
-379.5 7190.4 2124.5 8935.420957
-379.5 7190.4 -3241.2 3569.766051
-379.5 7190.4 8562.8 15373.678603
-379.5 7190.4 8374.2 15185.124269
-379.5 7190.4 2277.1 9088.034080
-379.5 7190.4 9704.4 16515.278715
-379.5 7190.4 1110.1 7920.996100
-379.5 7190.4 11910.5 18721.446155
-379.5 7190.4 -2158.2 4652.687394
-379.5 7190.4 -3723.3 3087.614700
-379.5 7190.4 1830.7 8641.602649
-379.5 7190.4 10508.5 17319.460158
-379.5 7190.4 2196.5 9007.427939
-379.5 1523.8 11998.3 13142.578704
-379.5 1523.8 -2643.9 -1499.664269
-379.5 1523.8 10921.5 12065.705040
-379.5 1523.8 -3155.0 -2010.808547
-379.5 1523.8 -1127.3 16.900567
-379.5 1523.8 -2904.2 -1759.945784
-379.5 1523.8 2111.9 3256.106464
-379.5 1523.8 2124.5 3268.738907
-379.5 1523.8 -3241.2 -2096.915999
-379.5 1523.8 8562.8 9706.996553
-379.5 1523.8 8374.2 9518.442219
-379.5 1523.8 2277.1 3421.352030
-379.5 1523.8 9704.4 10848.596664
-379.5 1523.8 1110.1 2254.314049
-379.5 1523.8 11910.5 13054.764105
-379.5 1523.8 -2158.2 -1013.994656
-379.5 1523.8 -3723.3 -2579.067350
-379.5 1523.8 1830.7 2974.920598
-379.5 1523.8 10508.5 11652.778108
-379.5 1523.8 2196.5 3340.745888
-379.5 4729.7 11998.3 16348.552771
-379.5 4729.7 -2643.9 1706.309798
-379.5 4729.7 10921.5 15271.679107
-379.5 4729.7 -3155.0 1195.165520
-379.5 4729.7 -1127.3 3222.874635
-379.5 4729.7 -2904.2 1446.028284
-379.5 4729.7 2111.9 6462.080531
-379.5 4729.7 2124.5 6474.712974
-379.5 4729.7 -3241.2 1109.058068
-379.5 4729.7 8562.8 12912.970620
-379.5 4729.7 8374.2 12724.416286
-379.5 4729.7 2277.1 6627.326097
-379.5 4729.7 9704.4 14054.570731
-379.5 4729.7 1110.1 5460.288116
-379.5 4729.7 11910.5 16260.738172
-379.5 4729.7 -2158.2 2191.979411
-379.5 4729.7 -3723.3 626.906717
-379.5 4729.7 1830.7 6180.894665
-379.5 4729.7 10508.5 14858.752175
-379.5 4729.7 2196.5 6546.719956
-379.5 4018.6 11998.3 15637.442306
-379.5 4018.6 -2643.9 995.199333
-379.5 4018.6 10921.5 14560.568642
-379.5 4018.6 -3155.0 484.055055
-379.5 4018.6 -1127.3 2511.764169
-379.5 4018.6 -2904.2 734.917818
-379.5 4018.6 2111.9 5750.970066
-379.5 4018.6 2124.5 5763.602509
-379.5 4018.6 -3241.2 397.947603
-379.5 4018.6 8562.8 12201.860154
-379.5 4018.6 8374.2 12013.305820
-379.5 4018.6 2277.1 5916.215631
-379.5 4018.6 9704.4 13343.460266
-379.5 4018.6 1110.1 4749.177651
-379.5 4018.6 11910.5 15549.627706
-379.5 4018.6 -2158.2 1480.868946
-379.5 4018.6 -3723.3 -84.203749
-379.5 4018.6 1830.7 5469.784200
-379.5 4018.6 10508.5 14147.641710
-379.5 4018.6 2196.5 5835.609490
11042.1 3708.1 11998.3 26748.530065
11042.1 3708.1 -2643.9 12106.287092
11042.1 3708.1 10921.5 25671.656401
11042.1 3708.1 -3155.0 11595.142814
11042.1 3708.1 -1127.3 13622.851928
11042.1 3708.1 -2904.2 11846.005577
11042.1 3708.1 2111.9 16862.057825
11042.1 3708.1 2124.5 16874.690268
11042.1 3708.1 -3241.2 11509.035362
11042.1 3708.1 8562.8 23312.947913
11042.1 3708.1 8374.2 23124.393579
11042.1 3708.1 2277.1 17027.303390
11042.1 3708.1 9704.4 24454.548025
11042.1 3708.1 1110.1 15860.265410
11042.1 3708.1 11910.5 26660.715465
11042.1 3708.1 -2158.2 12591.956705
11042.1 3708.1 -3723.3 11026.884010
11042.1 3708.1 1830.7 16580.871959
11042.1 3708.1 10508.5 25258.729469
11042.1 3708.1 2196.5 16946.697249
11042.1 -485.5 11998.3 22554.958032
11042.1 -485.5 -2643.9 7912.715059
11042.1 -485.5 10921.5 21478.084368
11042.1 -485.5 -3155.0 7401.570781
11042.1 -485.5 -1127.3 9429.279896
11042.1 -485.5 -2904.2 7652.433545
11042.1 -485.5 2111.9 12668.485792
11042.1 -485.5 2124.5 12681.118235
11042.1 -485.5 -3241.2 7315.463329
11042.1 -485.5 8562.8 19119.375881
11042.1 -485.5 8374.2 18930.821547
11042.1 -485.5 2277.1 12833.731358
11042.1 -485.5 9704.4 20260.975992
11042.1 -485.5 1110.1 11666.693377
11042.1 -485.5 11910.5 22467.143433
11042.1 -485.5 -2158.2 8398.384672
11042.1 -485.5 -3723.3 6833.311978
11042.1 -485.5 1830.7 12387.299926
11042.1 -485.5 10508.5 21065.157436
11042.1 -485.5 2196.5 12753.125217
11042.1 2727.4 11998.3 25767.805717
11042.1 2727.4 -2643.9 11125.562745
11042.1 2727.4 10921.5 24690.932054
11042.1 2727.4 -3155.0 10614.418467
11042.1 2727.4 -1127.3 12642.127581
11042.1 2727.4 -2904.2 10865.281230
11042.1 2727.4 2111.9 15881.333478
11042.1 2727.4 2124.5 15893.965921
11042.1 2727.4 -3241.2 10528.311015
11042.1 2727.4 8562.8 22332.223566
11042.1 2727.4 8374.2 22143.669232
11042.1 2727.4 2277.1 16046.579043
11042.1 2727.4 9704.4 23473.823678
11042.1 2727.4 1110.1 14879.541063
11042.1 2727.4 11910.5 25679.991118
11042.1 2727.4 -2158.2 11611.232357
11042.1 2727.4 -3723.3 10046.159663
11042.1 2727.4 1830.7 15600.147612
11042.1 2727.4 10508.5 24278.005121
11042.1 2727.4 2196.5 15965.972902
11042.1 5379.4 11998.3 28419.851061
11042.1 5379.4 -2643.9 13777.608088
11042.1 5379.4 10921.5 27342.977397
11042.1 5379.4 -3155.0 13266.463810
11042.1 5379.4 -1127.3 15294.172925
11042.1 5379.4 -2904.2 13517.326574
11042.1 5379.4 2111.9 18533.378821
11042.1 5379.4 2124.5 18546.011264
11042.1 5379.4 -3241.2 13180.356358
11042.1 5379.4 8562.8 24984.268910
11042.1 5379.4 8374.2 24795.714576
11042.1 5379.4 2277.1 18698.624387
11042.1 5379.4 9704.4 26125.869021
11042.1 5379.4 1110.1 17531.586406
11042.1 5379.4 11910.5 28332.036462
11042.1 5379.4 -2158.2 14263.277701
11042.1 5379.4 -3723.3 12698.205007
11042.1 5379.4 1830.7 18252.192955
11042.1 5379.4 10508.5 26930.050465
11042.1 5379.4 2196.5 18618.018246
11042.1 -3670.9 11998.3 19369.525832
11042.1 -3670.9 -2643.9 4727.282859
11042.1 -3670.9 10921.5 18292.652168
11042.1 -3670.9 -3155.0 4216.138581
11042.1 -3670.9 -1127.3 6243.847695
11042.1 -3670.9 -2904.2 4467.001344
11042.1 -3670.9 2111.9 9483.053592
11042.1 -3670.9 2124.5 9495.686035
11042.1 -3670.9 -3241.2 4130.031129
11042.1 -3670.9 8562.8 15933.943681
11042.1 -3670.9 8374.2 15745.389346
11042.1 -3670.9 2277.1 9648.299158
11042.1 -3670.9 9704.4 17075.543792
11042.1 -3670.9 1110.1 8481.261177
11042.1 -3670.9 11910.5 19281.711233
11042.1 -3670.9 -2158.2 5212.952472
11042.1 -3670.9 -3723.3 3647.879777
11042.1 -3670.9 1830.7 9201.867726
11042.1 -3670.9 10508.5 17879.725236
11042.1 -3670.9 2196.5 9567.693016
11042.1 1821.8 11998.3 24862.209715
11042.1 1821.8 -2643.9 10219.966742
11042.1 1821.8 10921.5 23785.336052
11042.1 1821.8 -3155.0 9708.822464
11042.1 1821.8 -1127.3 11736.531579
11042.1 1821.8 -2904.2 9959.685228
11042.1 1821.8 2111.9 14975.737476
11042.1 1821.8 2124.5 14988.369918
11042.1 1821.8 -3241.2 9622.715012
11042.1 1821.8 8562.8 21426.627564
11042.1 1821.8 8374.2 21238.073230
11042.1 1821.8 2277.1 15140.983041
11042.1 1821.8 9704.4 22568.227675
11042.1 1821.8 1110.1 13973.945061
11042.1 1821.8 11910.5 24774.395116
11042.1 1821.8 -2158.2 10705.636355
11042.1 1821.8 -3723.3 9140.563661
11042.1 1821.8 1830.7 14694.551610
11042.1 1821.8 10508.5 23372.409119
11042.1 1821.8 2196.5 15060.376900
11042.1 6584.0 11998.3 29624.422295
11042.1 6584.0 -2643.9 14982.179322
11042.1 6584.0 10921.5 28547.548631
11042.1 6584.0 -3155.0 14471.035044
11042.1 6584.0 -1127.3 16498.744159
11042.1 6584.0 -2904.2 14721.897808
11042.1 6584.0 2111.9 19737.950055
11042.1 6584.0 2124.5 19750.582498
11042.1 6584.0 -3241.2 14384.927592
11042.1 6584.0 8562.8 26188.840144
11042.1 6584.0 8374.2 26000.285810
11042.1 6584.0 2277.1 19903.195621
11042.1 6584.0 9704.4 27330.440255
11042.1 6584.0 1110.1 18736.157640
11042.1 6584.0 11910.5 29536.607696
11042.1 6584.0 -2158.2 15467.848935
11042.1 6584.0 -3723.3 13902.776241
11042.1 6584.0 1830.7 19456.764189
11042.1 6584.0 10508.5 28134.621699
11042.1 6584.0 2196.5 19822.589480
11042.1 843.6 11998.3 23884.051333
11042.1 843.6 -2643.9 9241.808360
11042.1 843.6 10921.5 22807.177669
11042.1 843.6 -3155.0 8730.664082
11042.1 843.6 -1127.3 10758.373196
11042.1 843.6 -2904.2 8981.526845
11042.1 843.6 2111.9 13997.579093
11042.1 843.6 2124.5 14010.211536
11042.1 843.6 -3241.2 8644.556630
11042.1 843.6 8562.8 20448.469181
11042.1 843.6 8374.2 20259.914847
11042.1 843.6 2277.1 14162.824659
11042.1 843.6 9704.4 21590.069293
11042.1 843.6 1110.1 12995.786678
11042.1 843.6 11910.5 23796.236734
11042.1 843.6 -2158.2 9727.477973
11042.1 843.6 -3723.3 8162.405278
11042.1 843.6 1830.7 13716.393227
11042.1 843.6 10508.5 22394.250737
11042.1 843.6 2196.5 14082.218517
11042.1 5349.2 11998.3 28389.643673
11042.1 5349.2 -2643.9 13747.400700
11042.1 5349.2 10921.5 27312.770009
11042.1 5349.2 -3155.0 13236.256422
11042.1 5349.2 -1127.3 15263.965536
11042.1 5349.2 -2904.2 13487.119186
11042.1 5349.2 2111.9 18503.171433
11042.1 5349.2 2124.5 18515.803876
11042.1 5349.2 -3241.2 13150.148970
11042.1 5349.2 8562.8 24954.061522
11042.1 5349.2 8374.2 24765.507188
11042.1 5349.2 2277.1 18668.416999
11042.1 5349.2 9704.4 26095.661633
11042.1 5349.2 1110.1 17501.379018
11042.1 5349.2 11910.5 28301.829074
11042.1 5349.2 -2158.2 14233.070313
11042.1 5349.2 -3723.3 12667.997619
11042.1 5349.2 1830.7 18221.985567
11042.1 5349.2 10508.5 26899.843077
11042.1 5349.2 2196.5 18587.810858
11042.1 -3183.9 11998.3 19856.554364
11042.1 -3183.9 -2643.9 5214.311392
11042.1 -3183.9 10921.5 18779.680701
11042.1 -3183.9 -3155.0 4703.167114
11042.1 -3183.9 -1127.3 6730.876228
11042.1 -3183.9 -2904.2 4954.029877
11042.1 -3183.9 2111.9 9970.082125
11042.1 -3183.9 2124.5 9982.714568
11042.1 -3183.9 -3241.2 4617.059662
11042.1 -3183.9 8562.8 16420.972213
11042.1 -3183.9 8374.2 16232.417879
11042.1 -3183.9 2277.1 10135.327690
11042.1 -3183.9 9704.4 17562.572325
11042.1 -3183.9 1110.1 8968.289710
11042.1 -3183.9 11910.5 19768.739765
11042.1 -3183.9 -2158.2 5699.981004
11042.1 -3183.9 -3723.3 4134.908310
11042.1 -3183.9 1830.7 9688.896259
11042.1 -3183.9 10508.5 18366.753768
11042.1 -3183.9 2196.5 10054.721549
11042.1 11753.9 11998.3 34794.317208
11042.1 11753.9 -2643.9 20152.074235
11042.1 11753.9 10921.5 33717.443544
11042.1 11753.9 -3155.0 19640.929957
11042.1 11753.9 -1127.3 21668.639071
11042.1 11753.9 -2904.2 19891.792720
11042.1 11753.9 2111.9 24907.844968
11042.1 11753.9 2124.5 24920.477411
11042.1 11753.9 -3241.2 19554.822505
11042.1 11753.9 8562.8 31358.735057
11042.1 11753.9 8374.2 31170.180723
11042.1 11753.9 2277.1 25073.090534
11042.1 11753.9 9704.4 32500.335168
11042.1 11753.9 1110.1 23906.052553
11042.1 11753.9 11910.5 34706.502609
11042.1 11753.9 -2158.2 20637.743848
11042.1 11753.9 -3723.3 19072.671154
11042.1 11753.9 1830.7 24626.659102
11042.1 11753.9 10508.5 33304.516612
11042.1 11753.9 2196.5 24992.484393
11042.1 5341.0 11998.3 28381.474139
11042.1 5341.0 -2643.9 13739.231166
11042.1 5341.0 10921.5 27304.600475
11042.1 5341.0 -3155.0 13228.086888
11042.1 5341.0 -1127.3 15255.796003
11042.1 5341.0 -2904.2 13478.949652
11042.1 5341.0 2111.9 18495.001899
11042.1 5341.0 2124.5 18507.634342
11042.1 5341.0 -3241.2 13141.979436
11042.1 5341.0 8562.8 24945.891988
11042.1 5341.0 8374.2 24757.337654
11042.1 5341.0 2277.1 18660.247465
11042.1 5341.0 9704.4 26087.492099
11042.1 5341.0 1110.1 17493.209484
11042.1 5341.0 11910.5 28293.659540
11042.1 5341.0 -2158.2 14224.900779
11042.1 5341.0 -3723.3 12659.828085
11042.1 5341.0 1830.7 18213.816033
11042.1 5341.0 10508.5 26891.673543
11042.1 5341.0 2196.5 18579.641324
11042.1 11133.2 11998.3 34173.602885
11042.1 11133.2 -2643.9 19531.359912
11042.1 11133.2 10921.5 33096.729221
11042.1 11133.2 -3155.0 19020.215634
11042.1 11133.2 -1127.3 21047.924748
11042.1 11133.2 -2904.2 19271.078397
11042.1 11133.2 2111.9 24287.130645
11042.1 11133.2 2124.5 24299.763088
11042.1 11133.2 -3241.2 18934.108182
11042.1 11133.2 8562.8 30738.020734
11042.1 11133.2 8374.2 30549.466400
11042.1 11133.2 2277.1 24452.376211
11042.1 11133.2 9704.4 31879.620845
11042.1 11133.2 1110.1 23285.338230
11042.1 11133.2 11910.5 34085.788286
11042.1 11133.2 -2158.2 20017.029525
11042.1 11133.2 -3723.3 18451.956831
11042.1 11133.2 1830.7 24005.944779
11042.1 11133.2 10508.5 32683.802289
11042.1 11133.2 2196.5 24371.770069
11042.1 7090.2 11998.3 30130.663073
11042.1 7090.2 -2643.9 15488.420100
11042.1 7090.2 10921.5 29053.789410
11042.1 7090.2 -3155.0 14977.275823
11042.1 7090.2 -1127.3 17004.984937
11042.1 7090.2 -2904.2 15228.138586
11042.1 7090.2 2111.9 20244.190834
11042.1 7090.2 2124.5 20256.823276
11042.1 7090.2 -3241.2 14891.168371
11042.1 7090.2 8562.8 26695.080922
11042.1 7090.2 8374.2 26506.526588
11042.1 7090.2 2277.1 20409.436399
11042.1 7090.2 9704.4 27836.681034
11042.1 7090.2 1110.1 19242.398419
11042.1 7090.2 11910.5 30042.848474
11042.1 7090.2 -2158.2 15974.089713
11042.1 7090.2 -3723.3 14409.017019
11042.1 7090.2 1830.7 19963.004968
11042.1 7090.2 10508.5 28640.862477
11042.1 7090.2 2196.5 20328.830258
11042.1 -3852.4 11998.3 19188.025464
11042.1 -3852.4 -2643.9 4545.782491
11042.1 -3852.4 10921.5 18111.151801
11042.1 -3852.4 -3155.0 4034.638214
11042.1 -3852.4 -1127.3 6062.347328
11042.1 -3852.4 -2904.2 4285.500977
11042.1 -3852.4 2111.9 9301.553225
11042.1 -3852.4 2124.5 9314.185667
11042.1 -3852.4 -3241.2 3948.530762
11042.1 -3852.4 8562.8 15752.443313
11042.1 -3852.4 8374.2 15563.888979
11042.1 -3852.4 2277.1 9466.798790
11042.1 -3852.4 9704.4 16894.043425
11042.1 -3852.4 1110.1 8299.760810
11042.1 -3852.4 11910.5 19100.210865
11042.1 -3852.4 -2158.2 5031.452104
11042.1 -3852.4 -3723.3 3466.379410
11042.1 -3852.4 1830.7 9020.367359
11042.1 -3852.4 10508.5 17698.224868
11042.1 -3852.4 2196.5 9386.192649
11042.1 -1698.7 11998.3 21341.733493
11042.1 -1698.7 -2643.9 6699.490520
11042.1 -1698.7 10921.5 20264.859830
11042.1 -1698.7 -3155.0 6188.346242
11042.1 -1698.7 -1127.3 8216.055357
11042.1 -1698.7 -2904.2 6439.209006
11042.1 -1698.7 2111.9 11455.261254
11042.1 -1698.7 2124.5 11467.893696
11042.1 -1698.7 -3241.2 6102.238790
11042.1 -1698.7 8562.8 17906.151342
11042.1 -1698.7 8374.2 17717.597008
11042.1 -1698.7 2277.1 11620.506819
11042.1 -1698.7 9704.4 19047.751453
11042.1 -1698.7 1110.1 10453.468839
11042.1 -1698.7 11910.5 21253.918894
11042.1 -1698.7 -2158.2 7185.160133
11042.1 -1698.7 -3723.3 5620.087439
11042.1 -1698.7 1830.7 11174.075388
11042.1 -1698.7 10508.5 19851.932897
11042.1 -1698.7 2196.5 11539.900678
11042.1 7190.4 11998.3 30230.876924
11042.1 7190.4 -2643.9 15588.633951
11042.1 7190.4 10921.5 29154.003260
11042.1 7190.4 -3155.0 15077.489673
11042.1 7190.4 -1127.3 17105.198788
11042.1 7190.4 -2904.2 15328.352437
11042.1 7190.4 2111.9 20344.404684
11042.1 7190.4 2124.5 20357.037127
11042.1 7190.4 -3241.2 14991.382221
11042.1 7190.4 8562.8 26795.294773
11042.1 7190.4 8374.2 26606.740439
11042.1 7190.4 2277.1 20509.650250
11042.1 7190.4 9704.4 27936.894884
11042.1 7190.4 1110.1 19342.612270
11042.1 7190.4 11910.5 30143.062325
11042.1 7190.4 -2158.2 16074.303564
11042.1 7190.4 -3723.3 14509.230870
11042.1 7190.4 1830.7 20063.218818
11042.1 7190.4 10508.5 28741.076328
11042.1 7190.4 2196.5 20429.044109
11042.1 1523.8 11998.3 24564.194874
11042.1 1523.8 -2643.9 9921.951901
11042.1 1523.8 10921.5 23487.321210
11042.1 1523.8 -3155.0 9410.807623
11042.1 1523.8 -1127.3 11438.516737
11042.1 1523.8 -2904.2 9661.670386
11042.1 1523.8 2111.9 14677.722634
11042.1 1523.8 2124.5 14690.355077
11042.1 1523.8 -3241.2 9324.700171
11042.1 1523.8 8562.8 21128.612722
11042.1 1523.8 8374.2 20940.058388
11042.1 1523.8 2277.1 14842.968200
11042.1 1523.8 9704.4 22270.212834
11042.1 1523.8 1110.1 13675.930219
11042.1 1523.8 11910.5 24476.380274
11042.1 1523.8 -2158.2 10407.621514
11042.1 1523.8 -3723.3 8842.548819
11042.1 1523.8 1830.7 14396.536768
11042.1 1523.8 10508.5 23074.394278
11042.1 1523.8 2196.5 14762.362058
11042.1 4729.7 11998.3 27770.168941
11042.1 4729.7 -2643.9 13127.925968
11042.1 4729.7 10921.5 26693.295277
11042.1 4729.7 -3155.0 12616.781690
11042.1 4729.7 -1127.3 14644.490804
11042.1 4729.7 -2904.2 12867.644454
11042.1 4729.7 2111.9 17883.696701
11042.1 4729.7 2124.5 17896.329144
11042.1 4729.7 -3241.2 12530.674238
11042.1 4729.7 8562.8 24334.586790
11042.1 4729.7 8374.2 24146.032456
11042.1 4729.7 2277.1 18048.942267
11042.1 4729.7 9704.4 25476.186901
11042.1 4729.7 1110.1 16881.904286
11042.1 4729.7 11910.5 27682.354342
11042.1 4729.7 -2158.2 13613.595581
11042.1 4729.7 -3723.3 12048.522887
11042.1 4729.7 1830.7 17602.510835
11042.1 4729.7 10508.5 26280.368345
11042.1 4729.7 2196.5 17968.336126
11042.1 4018.6 11998.3 27059.058475
11042.1 4018.6 -2643.9 12416.815503
11042.1 4018.6 10921.5 25982.184812
11042.1 4018.6 -3155.0 11905.671225
11042.1 4018.6 -1127.3 13933.380339
11042.1 4018.6 -2904.2 12156.533988
11042.1 4018.6 2111.9 17172.586236
11042.1 4018.6 2124.5 17185.218679
11042.1 4018.6 -3241.2 11819.563773
11042.1 4018.6 8562.8 23623.476324
11042.1 4018.6 8374.2 23434.921990
11042.1 4018.6 2277.1 17337.831801
11042.1 4018.6 9704.4 24765.076436
11042.1 4018.6 1110.1 16170.793821
11042.1 4018.6 11910.5 26971.243876
11042.1 4018.6 -2158.2 12902.485115
11042.1 4018.6 -3723.3 11337.412421
11042.1 4018.6 1830.7 16891.400370
11042.1 4018.6 10508.5 25569.257879
11042.1 4018.6 2196.5 17257.225660
